"id","pred"
0,0.0267395569151146
1,0.0292346120410437
2,0.0319383023274532
3,0.0223935891085599
4,0.0311997197525614
5,0.0473517731239437
6,0.0319182069451972
7,0.00534768387763442
8,0.00566713017456993
9,0.0167933383619397
10,0.0172465436367602
11,0.0320090432227084
12,0.0319521081676248
13,0.0307666540863486
14,0.0212557260806405
15,0.0294285985006952
16,0.0262397625068482
17,-0.0011825066313714
18,0.0320155255538662
19,0.949789399436853
20,0.0113424679125469
21,0.0250789694548636
22,0.0286829970749275
23,0.0278967467368258
24,0.0318958807936313
25,0.0134331937182369
26,0.0220126746632623
27,0.0328236024868918
28,0.0320046752853672
29,0.000870752362750041
30,0.0262260115644851
31,0.299002248859886
32,0.0318388039984148
33,0.0232950164543888
34,0.0226724408284346
35,0.0227873642415302
36,0.0567843116644241
37,0.0318938410043004
38,0.047941702524167
39,0.0318905487020871
40,0.0309201206480411
41,0.13654942513852
42,0.0229802607598883
43,0.968083834671652
44,0.0312596140542295
45,0.0318915773203601
46,0.0319583454790012
47,0.0319365932325294
48,0.0315907930318224
49,0.146541978905583
50,0.012577265305124
51,0.0135798770518468
52,0.284955562479969
53,0.0276816960827468
54,0.0262172390667363
55,0.0115536784661791
56,0.0657614723107197
57,0.0792413537658307
58,0.03202119012963
59,0.0224175281563277
60,0.246838248626343
61,0.0134615468245854
62,0.0180972943166128
63,0.0188171958010835
64,0.0319923208456026
65,0.0256658157673683
66,0.0221263968241907
67,0.0215284919902921
68,0.025061017816732
69,0.0193560891928342
70,0.026146591861007
71,0.0301951544823371
72,0.0236779783596945
73,0.00941919344639776
74,0.0248668800899086
75,0.0176040924116348
76,0.0319524348377603
77,0.0173739469009974
78,0.0320290230894894
79,0.0266739278970083
80,0.0153100888981288
81,0.0165301863487813
82,0.273186758049216
83,0.672392595023842
84,0.0320369744768902
85,0.0188325969377255
86,0.0456535604941852
87,0.0319581456281349
88,0.0261995748161175
89,0.0319982050452991
90,0.031991117928816
91,0.0319826073516806
92,0.018319009731856
93,0.0262743313904534
94,0.0312523657799157
95,0.474061647100461
96,0.398995615697609
97,0.0157203874589033
98,0.0274537056480288
99,0.583149114498288
100,0.0309639529912946
101,0.967946227321243
102,0.00266991501502815
103,0.0143414344470153
104,0.0272786391890322
105,0.0246674298692911
106,0.0319052062427268
107,0.0343916442882769
108,0.0247583419790281
109,0.0320077788574389
110,0.0288253178983513
111,0.0229739199328731
112,0.0205068531890959
113,0.0167089018422326
114,0.023055148940496
115,0.0320228231003241
116,0.0116865425161669
117,0.580958747420766
118,0.0167130827645488
119,0.0257061318013899
120,0.0272704016953629
121,0.0319898502075999
122,0.031942127209775
123,0.0320128879770961
124,0.023067282878314
125,0.0244594761990899
126,-0.0320392757324558
127,0.0307636452647969
128,0.0305685752230625
129,0.0319706336260239
130,0.0295825156679886
131,0.0116282389624478
132,0.0319873985176702
133,0.803208794173699
134,0.211316506960597
135,0.023745605292271
136,0.0108429731847835
137,0.0236912604436642
138,0.0318378866441232
139,0.0490139459884955
140,0.0320483052766208
141,0.0319322739797595
142,0.0858962005080076
143,0.0320427993808059
144,0.0318623568310329
145,0.0383678064103659
146,0.0697523728416102
147,0.0442530252861431
148,0.940683111890036
149,0.0305244944713398
150,0.0288606411105693
151,0.161559293915004
152,0.020296886062031
153,0.0300727553075331
154,0.0228876438347629
155,0.0173234681247347
156,0.0202478246000485
157,0.017313940443346
158,0.0318078717912048
159,0.0241053101573889
160,0.0817919529847165
161,0.0319478637846259
162,0.0354878053928261
163,0.0319871879162848
164,0.02728910954346
165,0.0520855037201252
166,0.157069876481518
167,0.0375414044383947
168,0.0259137568649711
169,0.0318882387931157
170,0.0319017450369706
171,0.0218169349176443
172,0.0212606528694428
173,0.0106285874285196
174,0.031982286471049
175,0.0295364500694365
176,0.0319426394984251
177,0.0198566799221001
178,0.968031417333449
179,0.137763062209676
180,0.0320168969340083
181,0.0314321452533101
182,0.0320247353545457
183,0.0584109465278961
184,0.0328092356974581
185,0.0142324555472517
186,0.0320981729601073
187,0.031801349741992
188,0.503328414432983
189,0.0369282916393633
190,0.0146258502972344
191,0.0148875691594539
192,0.0286255963114087
193,0.0250547495032669
194,0.0318386978582428
195,0.0318468529718288
196,0.031797689384607
197,0.028176562083556
198,0.0319469535673774
199,0.025300513823305
200,0.0389033530519919
201,0.24581354460712
202,0.00952236031985675
203,0.145983691251113
204,0.0270160353922598
205,0.0319058432461477
206,0.0213402433650012
207,0.0231618856479131
208,0.0219008186112936
209,0.0320433248961496
210,0.032044969660037
211,0.0225251409265268
212,0.024531373325424
213,0.0320848958072064
214,0.0298701187267119
215,0.0357578401773575
216,0.0265998254240848
217,0.0319609502729785
218,0.0320145109844039
219,0.0306327067389299
220,0.0171484263116607
221,0.0303621981925389
222,0.0131609185715806
223,0.0228462762878336
224,0.0204615504488687
225,0.0277798514130073
226,0.0249635827327455
227,0.0257678425036207
228,0.0100989996628773
229,0.0243039591749401
230,0.0318609459207198
231,0.00414846518141362
232,0.0319547963742762
233,0.019479145263893
234,0.0238516817503477
235,0.0215067666242142
236,0.0477732901553782
237,0.027232679163723
238,0.0318346602664005
239,0.0318609423225555
240,0.0332773680202027
241,0.0320578177245609
242,0.0306231264295988
243,0.0111761511759879
244,0.967937348636859
245,0.0189108096252279
246,0.0285031667511965
247,0.0320549431976495
248,0.0319657700499833
249,0.032084992702457
250,0.0320415705810667
251,0.0225833148325369
252,0.497693249501293
253,0.0296502644642186
254,0.0292622284646907
255,0.0257074507199271
256,0.024339241612744
257,0.0271688116791724
258,0.0140571568176328
259,0.0141437513957301
260,0.0213647095936617
261,0.0107544720060775
262,0.0208442232944264
263,0.0244491475775359
264,0.0236847963891259
265,0.030142011435204
266,0.0275322084231151
267,0.0318748016132904
268,0.0209022935296369
269,0.0120836396802335
270,0.0292673223427417
271,0.0116951799176457
272,0.0311676218894412
273,0.0320539012217012
274,0.0159653125593301
275,0.0200821216986319
276,0.0181461510535542
277,0.031906573856756
278,0.00685616923323619
279,0.0319132748874297
280,0.0252847070233974
281,0.020797376945622
282,0.0312686389809398
283,0.0494190118984572
284,0.0254309211621382
285,0.0240283187412055
286,0.0318669699245897
287,0.0318439232641206
288,0.00962650673514935
289,0.0173948037700903
290,0.0287172634921804
291,0.0183433713350711
292,0.0147221930869572
293,0.0656725597695845
294,0.031882828199097
295,0.0280826498486508
296,0.540925090761831
297,0.0139462018260398
298,0.0264606766378045
299,-0.00186821134471131
300,0.0227857916233142
301,0.194462982802715
302,0.0320532367993477
303,0.0154791110402539
304,0.0152209901155554
305,0.0257981253009525
306,0.0108642149859666
307,0.0145430724239627
308,0.00516013381610911
309,0.20500059072755
310,0.025753878562808
311,0.00741772155377687
312,0.0247853787730481
313,0.025509905860959
314,-0.00793473681258923
315,0.0320307741223641
316,0.0314909133072069
317,0.0239579985287832
318,0.0600477331254234
319,0.0155371595032145
320,0.0196545417403738
321,0.0107461423137765
322,0.0320262205749599
323,0.0136457930589237
324,0.0152277206828901
325,0.825725395543285
326,0.0196381473558589
327,0.0291664869285524
328,0.360063359131967
329,0.0271836884842586
330,0.0168281085741249
331,0.0319278445525417
332,0.03202177867307
333,0.0489532400094517
334,0.0320346922660593
335,0.00907302954753493
336,0.801855126767733
337,0.0318498904924028
338,0.0219040831967033
339,0.0269815877221716
340,0.00659288797276603
341,-0.0121042585968661
342,0.0286089396155883
343,0.0268446898179744
344,0.0319716942774439
345,0.0163235225678488
346,-0.032002505098944
347,0.037532122241687
348,0.0289962749896303
349,0.0548873316495937
350,0.017882922091338
351,0.00759544093630264
352,0.0115537999144599
353,0.00902083268065838
354,0.0194788473849051
355,0.0256429999560633
356,0.0283990411999648
357,0.0184138101957506
358,0.0169777099299798
359,0.0310045307560954
360,0.0136865911655044
361,0.0285041363091065
362,1.03194649401149
363,0.0255362601480828
364,0.0298644226056494
365,0.181616834066119
366,0.19739985561512
367,0.0217225512420696
368,0.0318433292949391
369,0.0319231583647071
370,0.0319902380025991
371,0.466601523306918
372,0.0318874184548684
373,0.0259508450840651
374,-0.000739507184418273
375,0.0319277077694104
376,0.012076900639231
377,0.0319408705369117
378,0.0319034688656544
379,0.0180834910573004
380,0.0318604007564387
381,0.433382609551235
382,0.0213075471900243
383,0.0414607613855864
384,0.243552744120135
385,0.0319429958007346
386,0.0470994215702901
387,0.012265541935549
388,0.0313225320538971
389,0.0319214215140085
390,0.031926789948462
391,0.0123094862956533
392,0.0550751209019882
393,0.0700773670398156
394,0.0297319762535721
395,0.0226341851739603
396,0.0320354623600947
397,0.02821485056065
398,-0.0297861947151802
399,0.024375083633542
400,0.0190147595280573
401,0.0195263561968636
402,0.32016651556129
403,0.0264945292847305
404,0.0295615576016242
405,0.0217513750994739
406,0.725730088811756
407,0.0319915785229437
408,0.0321088388837561
409,0.0142414572443984
410,0.0208755849243438
411,0.0184562854225056
412,0.00350522648477623
413,0.0261316930646496
414,0.0277471810287987
415,0.0267455355214433
416,0.788261991235589
417,0.113640090161448
418,0.0150126763874306
419,0.024210189959798
420,0.0652883993693652
421,0.027731328067509
422,0.0211102638817837
423,0.0319820138464994
424,0.0232524951756412
425,0.0279847129214417
426,0.0319498465261324
427,0.0239313021858499
428,0.0319868930704912
429,0.0318580632601212
430,0.0318335132447181
431,0.0170463363712144
432,0.031892863721204
433,0.0294593931224174
434,0.0397216344910377
435,0.0775750949071524
436,0.0271781318011923
437,0.0304285309598572
438,0.0319171771738804
439,0.0212680531061535
440,0.019392870867418
441,0.0388729427661154
442,-0.00496305504929118
443,0.0440027915901759
444,0.0318098546612208
445,0.0491737346570935
446,0.0319032858150625
447,0.0191627429034392
448,0.0200257835130458
449,0.00979178739344756
450,0.00727638314005077
451,0.182703325282885
452,0.0206397621375364
453,0.0155668555402544
454,0.0183697019251933
455,0.0303913825714738
456,0.416023571853442
457,0.0319337875960918
458,0.0253650341169429
459,0.0312907519115802
460,0.0318971388595959
461,0.0319537331467389
462,0.022278569143415
463,0.0144955789561415
464,0.0247693873407016
465,0.0320077401971236
466,0.0320931149553561
467,0.0275921617030907
468,0.041817741452192
469,0.0380341791351428
470,0.0320323045292629
471,0.0220904958143431
472,0.0148019343147823
473,0.0252776649771568
474,0.0319556220147102
475,0.00986822921366913
476,0.021282695711093
477,0.0319933376901994
478,0.0255812879901604
479,0.0318617670493267
480,0.0320580066841285
481,0.874902791931644
482,0.0207069123410673
483,0.0211665749643611
484,0.0309248255128177
485,0.0320169702466773
486,0.028878092367635
487,0.0124294814272246
488,0.0318998686548464
489,0.0807674306971732
490,0.0151092066063371
491,0.0252300875086196
492,0.0403126751868494
493,0.00695113129603268
494,0.306115744436052
495,0.00977438999203811
496,0.0320132744054544
497,0.0205775073289561
498,0.0135926109871893
499,0.03191582644177
500,0.0291822416686509
501,0.0159020308899971
502,0.0249758164620589
503,0.0311923926150715
504,0.0319134838901138
505,0.0318892893696576
506,0.0282310612811942
507,0.0243131152968177
508,0.0102666519224844
509,0.0242845653457829
510,0.030611833372262
511,-0.00573795705325907
512,0.0320283825755027
513,0.0320542711119409
514,0.0269184964466084
515,0.0237115425377314
516,0.0036510401274832
517,0.0196687343805198
518,0.021718449024486
519,0.0123770778198894
520,0.0258760726535183
521,0.031161581716286
522,0.0150452061918411
523,0.0318275832839847
524,0.0312556471041194
525,0.0264381434905629
526,0.022655962647135
527,0.0220630054408115
528,0.0289965882394737
529,0.0157860084864574
530,0.0201833574158416
531,0.0249279459918804
532,0.0269891750845765
533,0.0320032905485027
534,0.0279122264758857
535,0.0238217136702166
536,0.0288202874264097
537,0.0252869477142412
538,0.0253291334309909
539,0.0236367015558099
540,0.0265899578180198
541,0.018662319598348
542,0.0175866429082167
543,0.00388665459566147
544,0.014576489561515
545,0.0245093821623701
546,0.0253989199612846
547,0.0319040791412603
548,0.0102461035527499
549,0.0319534177148296
550,0.016044429863866
551,0.0261559399693753
552,0.0320224145846112
553,0.022351462176683
554,0.0217676053673688
555,0.00440559970006535
556,0.0857767593683973
557,0.0139435378063278
558,0.0292519131222051
559,0.025424298001521
560,0.0192459350113805
561,0.0319842926011869
562,0.0317496272165612
563,0.0306043141655098
564,0.0387954574722055
565,0.0465333849152785
566,0.0320012241768519
567,0.0266935196498948
568,0.0320373895139115
569,0.0278516480827731
570,0.0318579523070859
571,0.0245312024033177
572,0.0381315797905885
573,0.0314272867477867
574,0.0303912370839668
575,0.00293298307860698
576,0.0197380216918041
577,0.0246424449826906
578,0.458598602159118
579,0.0199692343560256
580,0.799162321323313
581,0.0196426515684793
582,0.0302539255600065
583,0.0944657138950843
584,0.0215997450656666
585,0.0319886074613393
586,0.031288391697199
587,0.0254620453352687
588,0.0259931275640325
589,0.0320882004920448
590,0.0313055336826858
591,0.0270227032452811
592,0.00956874816412519
593,0.0253880244188615
594,0.00724059345579561
595,0.000111102959133136
596,0.0304880416214622
597,0.026323286506086
598,0.0244356435851744
599,0.0188497202342602
600,0.019750126911332
601,0.0205766680118457
602,0.177533403789423
603,0.0209929191900472
604,0.0514540466797309
605,0.0269600485109837
606,0.0320880893318266
607,0.0162627444328969
608,0.0208879018639478
609,0.0270569969947665
610,0.0101497526550414
611,0.0319291431786633
612,0.00600536444449863
613,0.0514474558889865
614,0.0199276220212272
615,0.435257305452422
616,0.0332871949516243
617,0.027027097272402
618,0.0319029302349964
619,0.342684603753047
620,0.0320172299423945
621,0.0250259767743628
622,0.0263430044830564
623,0.0187115908396638
624,0.0283495339522798
625,0.0300496320898218
626,0.177892221302462
627,0.165791958982004
628,0.0259120783469337
629,0.0237331845868644
630,0.031975467584785
631,0.0213352492038673
632,0.19135081154626
633,0.0819931558965081
634,0.0318891569932168
635,0.0298257020254228
636,0.0319923483219488
637,0.0275232673843121
638,0.0222875902491801
639,0.0218389982197368
640,0.0283104210495671
641,0.023300148617535
642,0.00646245433015906
643,0.0291030473232565
644,0.0319909458656237
645,0.0319884813211313
646,0.0275679143225892
647,0.0100123525785754
648,0.00323163522941193
649,0.0206013940841219
650,0.0186035455666737
651,0.0298080255937262
652,0.0319103218008973
653,0.0207561214458583
654,0.0109661431095257
655,0.0163585305334744
656,0.0085977324708371
657,0.0181511727662875
658,0.988261285215408
659,0.0319431322269183
660,0.0100224222534579
661,-0.0132939173113296
662,0.0319754582032821
663,0.312830962750845
664,0.0364420756093473
665,0.00351690625907131
666,0.0319467869892279
667,0.0312153363234224
668,0.0188169018609486
669,0.0173921608678112
670,0.0304250534950903
671,0.352986062561421
672,0.0377271409349373
673,0.0209134034995873
674,0.0314754473913694
675,0.0318219704949992
676,0.0337840494431554
677,0.0175887763019971
678,0.0262439199439388
679,0.0319790362310381
680,0.0340852495974086
681,0.0271239708841775
682,0.0116732240771653
683,0.0205636168857112
684,0.0300993046645813
685,0.0110964009974448
686,0.0318936731176796
687,0.023727678806443
688,0.00478665737550184
689,0.0247846415483362
690,0.0319387548682499
691,0.0250058147303885
692,0.0319324159995515
693,0.0187064606794179
694,0.016128365804465
695,0.0308016707898766
696,0.0133115199966087
697,0.055009109817983
698,0.0252882818054475
699,0.0174497836470243
700,0.0142227918139379
701,0.0188837480202625
702,0.0280383724368813
703,0.0311012049420941
704,0.029965363694112
705,0.0264510019219647
706,0.038212675618073
707,0.0215396288769376
708,0.061883687678962
709,0.0319360891227466
710,0.0271865412406626
711,0.0295524503003694
712,0.0319465804288922
713,0.0158765595457154
714,0.0196312210187781
715,-0.00292710376444463
716,0.016108766948716
717,0.0223683261739675
718,0.031870074502812
719,0.0201977884996058
720,0.0250167458391613
721,0.0105718396736695
722,0.026944583568667
723,0.0302706438873228
724,0.043816024665223
725,0.019262518150153
726,0.0320325396309403
727,0.0227642743938312
728,0.0319334030237126
729,0.0309506516150957
730,0.0161132676171578
731,0.0151368372534861
732,0.010042563295178
733,0.031920115690755
734,0.0319309314085911
735,0.53395677169968
736,0.0162818196180609
737,0.0180026232250634
738,0.0298392587038339
739,0.0244998581096678
740,0.0175855109909944
741,0.00832950175133219
742,0.0158528867717764
743,0.017643684257948
744,-0.000112389315978775
745,0.0205585220501719
746,0.012625441116077
747,0.027414599774947
748,0.0320591635033744
749,0.031940630991278
750,0.0267077876034417
751,0.0194528450657517
752,0.0289849211327478
753,0.0194789364432502
754,0.0320050940772869
755,0.968063749698758
756,0.0319286465050851
757,0.0248266657228116
758,0.0241839907783346
759,0.0197875665099448
760,0.0280092513120034
761,0.0294534035896731
762,0.0123583764524523
763,-0.00239779538911968
764,0.0298430610793498
765,0.0300438817383131
766,0.0262461253002248
767,0.03189684689756
768,0.0642681505581229
769,0.0276076178531065
770,0.0234480933674968
771,0.0712081357125488
772,0.0175351550708329
773,0.0284486601263486
774,0.0318655577522451
775,0.397183955347787
776,0.039439845883052
777,0.0320433985108536
778,0.0189694629745406
779,0.0306868393934809
780,0.0025443334617171
781,0.0166678809714108
782,0.00828690721460813
783,0.0311761016698215
784,0.0123711036909078
785,0.0803626364254298
786,0.0210513662206682
787,0.0385197467519052
788,0.00159484302960274
789,0.0426953909844088
790,0.0320975966312267
791,0.0242920346332019
792,0.0284445122582079
793,0.0116095665826871
794,0.029495952515517
795,0.8411029986973
796,0.0193276881994769
797,0.0240675379676885
798,0.0320188508184306
799,0.0318732235869857
800,0.0379389756792206
801,0.0194174849049706
802,0.0320563573204799
803,0.0111014390736289
804,0.0319665448182423
805,0.0241667788281566
806,0.0998321675078533
807,0.037316244429116
808,0.0238124562285311
809,0.0175581213906897
810,0.00849622278032099
811,0.0128175391285061
812,0.021602649228127
813,0.0319448207017471
814,0.0320446996230837
815,0.0217204481936932
816,0.012395876573858
817,0.0288302795998392
818,0.0320115877500769
819,0.0293422034741951
820,0.01604908018285
821,0.0368637156806497
822,0.0318839543949436
823,0.022171895051045
824,0.0311892853090249
825,0.860934688134966
826,0.801301745025255
827,0.0317918684670719
828,0.0318505818253516
829,0.00822703638446086
830,0.0318009771433023
831,0.0230003815475176
832,0.0271507690726498
833,0.0249661593034797
834,0.0319182240285889
835,0.0438592098239563
836,0.031960850422314
837,0.0198708017987167
838,0.0319095991067964
839,0.024850369333131
840,0.00948607404915042
841,0.0260022451634652
842,0.0131064017627678
843,0.0297419314991104
844,0.0320242867675889
845,0.00232559498602199
846,0.022928598247565
847,0.00048807890922134
848,0.0308134333847036
849,0.0206283745417588
850,0.0192313950778266
851,0.0152060485633987
852,0.0262760598585525
853,0.0217428221992904
854,0.0320161307689293
855,0.023832482350385
856,0.0261424254659255
857,0.0225088806634168
858,0.0552765237335742
859,0.0318424321570389
860,0.031942851519727
861,0.0277727214101119
862,0.0153298623012592
863,0.0280779332233878
864,0.0299094208041004
865,0.0241803549026717
866,0.0179500659304135
867,0.032033273159206
868,0.0276644560857916
869,0.0320459318992532
870,0.0211846315859362
871,0.0213210312209269
872,0.0230455194024925
873,0.0247046384217603
874,0.0293795335345868
875,0.0280339736212599
876,0.0311834201052164
877,0.0155614336307348
878,-0.00350495896240749
879,0.0324111332890656
880,0.0122274168532648
881,0.0271908248030638
882,0.0277683486504813
883,0.028942581999933
884,0.0182261016610645
885,0.0291683275753479
886,0.403139236443664
887,0.0283319602499236
888,0.0304561885860491
889,0.0210037113469868
890,0.00731450264961941
891,0.170037775403067
892,0.967967819982694
893,0.0272227800503789
894,0.0318464341843178
895,0.0141667243746511
896,0.0165775710965861
897,0.0189445898176848
898,0.02664166067121
899,0.0318949500540536
900,0.0176368170395875
901,0.0266953486901615
902,0.0320370690034014
903,0.0883295650472295
904,0.0300660791560287
905,0.0495082927335418
906,0.0320686661682718
907,0.0263893605329117
908,0.00866857487792987
909,0.967911290899653
910,0.0141120535369752
911,0.022996578740264
912,0.202822968227448
913,0.027194901340217
914,0.0936840772393805
915,0.0267788486558871
916,0.0319265332654328
917,0.0153333444305767
918,0.0330569197582155
919,0.0319635574396235
920,0.0141125736508895
921,0.0296082520704685
922,0.020114187623317
923,0.0179232599448587
924,0.0308242398066186
925,0.0214577932860397
926,0.0296060506847109
927,0.0312810540413233
928,0.0260990806730563
929,0.0236926817708597
930,0.0298348815600508
931,0.0140908500545646
932,0.0224326542889959
933,0.0320857152721243
934,0.0106421994031382
935,0.0318495317297042
936,-0.00625148529710685
937,0.0318697437871172
938,0.0303215302520457
939,-0.02795035316031
940,0.0545132999368232
941,0.0118741184605847
942,0.0250225662371328
943,0.0356565182764464
944,0.0191896444272364
945,0.00987048958013396
946,0.0265117751630007
947,0.0268832096933987
948,0.100243022410848
949,0.0288546733722779
950,0.0243252785781474
951,0.0319307402863848
952,0.0188114384124389
953,0.0318696847033599
954,0.0211420048448168
955,0.0256223439183005
956,0.0179304785305443
957,0.0144558668462889
958,-0.014938890103052
959,0.0222936971076776
960,0.0257371761823609
961,0.0315781149913381
962,0.022258013675652
963,0.0281316865712127
964,0.000738323064274224
965,0.0438334388998715
966,0.0279117212244275
967,0.0265518348137668
968,0.0226620350604705
969,0.026581106141897
970,0.0167551899859568
971,0.0746926507848786
972,0.0249760286810409
973,0.0328032585829434
974,0.0205500142003107
975,0.0178193600299744
976,0.0261904834968566
977,0.0273053242003126
978,-0.00586277767367384
979,0.0303172655343331
980,0.0128593710062296
981,0.0256254030908993
982,0.011718354523544
983,0.0320162983283125
984,0.0262957230206125
985,0.0302556883451688
986,0.011379101962823
987,0.0263927966223299
988,0.0319080713737617
989,0.0107896704170471
990,0.0302734144496739
991,0.024178911174926
992,0.024858854377649
993,0.0195917375223125
994,0.0202512539875368
995,0.0290794550488518
996,0.0251294202643598
997,-0.0103379293793645
998,0.0291753484576057
999,0.0140272927034507
1000,0.0319649885770591
1001,0.0307008339440371
1002,0.0319140759138404
1003,0.0271048950984344
1004,0.0241779328733282
1005,0.0270975899692617
1006,0.0319301342586671
1007,-0.000791177293979192
1008,0.0298172364373914
1009,-0.0110859987260951
1010,0.0318384023514829
1011,0.973190226406241
1012,0.0285391899737481
1013,0.023797568726123
1014,0.48989228737372
1015,0.0320169578012651
1016,0.00110781472475088
1017,0.0242152743262849
1018,0.0166074636258165
1019,0.043769526594987
1020,0.0215226529548272
1021,0.0277181011690891
1022,0.0271071333913648
1023,0.0109950515836898
1024,0.0287734388490246
1025,0.0187090670321993
1026,0.0274548949946572
1027,0.0194082213586351
1028,0.00329215128457659
1029,0.0243185321283001
1030,0.0319261232818548
1031,0.0205330639565083
1032,0.031996792616656
1033,0.742233392227662
1034,0.0319397307316651
1035,0.00490549339078852
1036,0.0234863258061507
1037,0.019126540749225
1038,0.0211848813269905
1039,0.0258118158313947
1040,0.0292099000779631
1041,0.029133666046522
1042,0.0319388959828181
1043,0.0357659134354956
1044,0.0211154767028906
1045,0.00996518582921675
1046,0.0128084227329498
1047,0.0210564379563011
1048,0.0230066653715809
1049,0.0301473440835355
1050,0.0208949601994769
1051,0.031215100989296
1052,0.0391096767260544
1053,0.017292977318302
1054,0.0297512289054507
1055,0.0319176304183807
1056,0.0262875187361468
1057,0.0159921841310445
1058,0.0244557893365192
1059,0.0228501485074704
1060,0.208437094425929
1061,0.0308340609089299
1062,0.0107663673225577
1063,0.418804212326948
1064,0.0193991554350173
1065,1.03192145601644
1066,0.0319213204304857
1067,0.0249788367400285
1068,0.0165990509892485
1069,0.0245974638955894
1070,0.0230601646651931
1071,0.0226817701877845
1072,0.0319759506225401
1073,0.032068968553762
1074,0.0814020331263057
1075,0.0274953165770527
1076,0.0284991634406903
1077,0.92862214953235
1078,0.0144881074264083
1079,0.01805498882593
1080,0.0264242177164734
1081,0.0159647273588814
1082,0.00104997586583461
1083,0.00360751698765389
1084,0.0319787968454724
1085,0.0311107104195795
1086,0.0217193929891089
1087,0.0100923518315681
1088,0.0274976731900399
1089,0.029738341144483
1090,0.018884798722711
1091,0.0192833479722373
1092,0.0217748529983105
1093,0.0492889472571706
1094,-0.0319278010211075
1095,0.0320026926776437
1096,0.0276889404117815
1097,0.0112042453886777
1098,0.00465677625289493
1099,0.0219500199327346
1100,0.0262472087585753
1101,0.0105958547215243
1102,0.0240853157291962
1103,0.0200111674605134
1104,0.0319244780425976
1105,0.0274225408243649
1106,0.0229458327469638
1107,0.0320406746041943
1108,0.0162668128793375
1109,0.0254684048081877
1110,0.0319594332590428
1111,0.019553211558427
1112,0.0223655021500249
1113,0.0204771568893398
1114,0.0283698074947684
1115,0.0319050263990395
1116,0.031947155652785
1117,0.0118889016350801
1118,0.0181793549022316
1119,0.0156550865262532
1120,0.0191502023741009
1121,0.00965535559798809
1122,0.0320170154733147
1123,0.0319762778661535
1124,0.0891429965035426
1125,0.0209740931943805
1126,0.256288626817848
1127,0.0320708496105533
1128,0.0350336775003588
1129,0.0306570619805781
1130,0.0319667682440398
1131,0.0937304558146397
1132,0.0155483114001378
1133,0.0231215713059059
1134,0.0211990029701686
1135,0.0315316631074003
1136,0.0283706754860581
1137,0.0240490756364914
1138,0.0520372015585464
1139,0.0138771211430303
1140,0.0319499388923265
1141,0.017417327634657
1142,0.026514753234413
1143,0.0106013347492224
1144,0.00773797079465016
1145,0.0305295162928527
1146,0.0318802174182916
1147,0.0319566497527739
1148,-0.0320254435576117
1149,0.0319507538871409
1150,0.0300675581630004
1151,0.02773988689673
1152,0.0157126735532673
1153,0.00877126449846777
1154,0.029098756442032
1155,0.0297624815070178
1156,0.0252416779166963
1157,0.018427563655
1158,0.0296854346942945
1159,0.0183950676362832
1160,0.0128421832092348
1161,0.0317678746697821
1162,0.0249724634111243
1163,0.0216824914586438
1164,0.0267758342581881
1165,0.0189940521214687
1166,0.0257811631941105
1167,0.967995648214622
1168,0.00304508963736187
1169,0.0319194169655024
1170,0.0319713740176318
1171,0.024417842219499
1172,0.0381508545324374
1173,0.0293873029851702
1174,0.0124960880308928
1175,0.0320192446507272
1176,0.0179528592149527
1177,0.513962645670259
1178,0.0292260985458459
1179,0.0226428533389807
1180,0.0288260495659081
1181,0.00482656237648058
1182,0.0340919936616801
1183,0.0212477837550167
1184,0.0185590482250419
1185,0.0318197185483199
1186,0.032067819810769
1187,0.0283658001453572
1188,0.0319945385951414
1189,0.0203698542243757
1190,0.0320240069555901
1191,0.0329734444285577
1192,0.019984891024065
1193,-0.00405247819475124
1194,0.0318995841059227
1195,0.0180929025513137
1196,0.0710676237836473
1197,0.0311438588142805
1198,0.0320046536016102
1199,0.0298583067806292
1200,0.0154837000984452
1201,0.0319198628652338
1202,0.0222446563827925
1203,0.0237150613422382
1204,0.0190054411838876
1205,0.0233432657202887
1206,0.0205002783188202
1207,0.331085827186324
1208,0.255746529714082
1209,0.0056593212401027
1210,0.0238207760348722
1211,-0.00712939050307568
1212,0.0319605912384098
1213,0.087286498727918
1214,0.0312456876094947
1215,0.00983825363086391
1216,0.0186228109515193
1217,0.0243862721975373
1218,0.0329117098869984
1219,0.0319833473637944
1220,0.028203784645543
1221,0.0308495317942942
1222,0.556121179335129
1223,0.0547514636882633
1224,0.0226785403283573
1225,0.0437150784625913
1226,0.0862088090582605
1227,0.0203414565403437
1228,0.0750233252777454
1229,0.0187965317481075
1230,-0.00782387000802884
1231,0.0316973944090283
1232,0.0168746070265025
1233,0.0161316305055736
1234,0.307572270707567
1235,0.197938791930089
1236,0.0294291947490289
1237,0.031943493311977
1238,0.0323475543475022
1239,0.0320138605827017
1240,0.0235857576273304
1241,-0.0050091211482293
1242,0.0130138715994458
1243,0.0156319861367728
1244,0.132628878189063
1245,0.0319886449671028
1246,0.0138492172917517
1247,0.0207978184095243
1248,0.0761037313971488
1249,0.0320882765003422
1250,0.0320249568100072
1251,0.0300301414951161
1252,0.0244213682268612
1253,0.0317424602816987
1254,0.0183007106061273
1255,0.0226909338221442
1256,0.967995835746334
1257,0.0320319862094705
1258,0.0318838627257307
1259,0.0319313176305623
1260,0.968049730321996
1261,0.0273838972246219
1262,0.0256664973819829
1263,0.0541468011366649
1264,0.0258385744850338
1265,0.0274637520472249
1266,0.0296721895713054
1267,0.0130218808065999
1268,0.0303532326691571
1269,0.0212267073863609
1270,0.0260732787747508
1271,0.0250594385166239
1272,0.0968037677282309
1273,0.0273479187625103
1274,0.0261868324657345
1275,0.0273391032593125
1276,0.0279341419731652
1277,0.0369769791914253
1278,0.032019608829461
1279,0.0304158355403622
1280,0.0841300624875817
1281,0.0185538667922629
1282,0.0152685119175811
1283,0.0134851421227011
1284,0.0276465857732106
1285,0.031343326162684
1286,0.0206263093411801
1287,0.0319755820709036
1288,0.00636656235879068
1289,0.019198143375921
1290,0.0297189185897569
1291,0.0094991037894616
1292,0.0290514846850435
1293,0.236206442178342
1294,0.0507237755785618
1295,0.0267352046803694
1296,0.0153170184141813
1297,0.00759261264658152
1298,0.0476076989746419
1299,0.0276207896084243
1300,0.0243436032705424
1301,0.0224479035655982
1302,0.0250981435495721
1303,0.00496824300328373
1304,0.0314456105352034
1305,0.0285318271735865
1306,0.0142519613214665
1307,0.0241080642363145
1308,0.0278196713503137
1309,0.0221431384138705
1310,-0.00249024232492678
1311,0.0317562525462564
1312,0.0255309137437695
1313,0.383807560823094
1314,0.0207383429636491
1315,0.0158533760966791
1316,0.0215980270891895
1317,0.0335211845864471
1318,0.016781055567784
1319,0.0150675597400103
1320,0.0110235073704807
1321,0.0310654197920315
1322,0.028789056259951
1323,0.000906300967975796
1324,0.0318028436278134
1325,0.026555056924789
1326,0.00630875978571958
1327,0.0179623287211778
1328,0.0255357748049747
1329,0.0177469081671549
1330,0.0320377088669522
1331,0.0097279671060133
1332,0.095182709955256
1333,0.0208059317151458
1334,0.0309194535457794
1335,0.0250939723774037
1336,0.0140142219291698
1337,0.0152850940232725
1338,0.0318535178614882
1339,0.00876973890535927
1340,0.0280145360501963
1341,0.0320059505304402
1342,0.0132459903604688
1343,0.0319317642158982
1344,0.02581051879737
1345,0.0475750836526935
1346,0.0204727759022122
1347,0.0145536040671841
1348,0.0263042931481877
1349,0.0319889725003705
1350,0.0275128580492616
1351,0.0319195239572136
1352,0.02349410718556
1353,0.0356108138885526
1354,0.03197515050179
1355,0.0199042046041094
1356,0.0269295625195485
1357,0.0270409071185869
1358,0.0809798830931593
1359,0.227779556625885
1360,0.0713807123003259
1361,0.0317659967562506
1362,0.031896622592011
1363,0.0312710425326248
1364,0.026972426430597
1365,0.0264127049407
1366,0.0301654813138606
1367,0.0194543975882349
1368,0.632323841594102
1369,0.0303789179390473
1370,0.0320056307389101
1371,0.0285416776300653
1372,0.0318804024676525
1373,0.0118110936270683
1374,0.0298201873557973
1375,0.0318851161961169
1376,0.00950259873908225
1377,0.0272992763321065
1378,0.0193083753644243
1379,0.405577740707256
1380,0.0251881919765721
1381,0.0235338014055015
1382,0.035120633862452
1383,0.0342362627413264
1384,0.0215080639470058
1385,0.0054688225734246
1386,0.0227989488508491
1387,0.126063655439323
1388,0.0307382107445961
1389,0.0302446090219443
1390,-0.0317564518490719
1391,0.0191110941868629
1392,0.00334657366045472
1393,0.0182496342024999
1394,0.140551432708796
1395,0.0264225961901697
1396,0.166588715224241
1397,0.0319625767784532
1398,0.0458560509468905
1399,0.0312222664241958
1400,0.040082383863366
1401,0.0273159609499919
1402,0.0296735049334042
1403,0.0261913577564631
1404,0.0318939985676382
1405,0.0289761488387279
1406,0.0195720253382423
1407,0.796792413292857
1408,0.0213931466294859
1409,0.0318510647206241
1410,0.0163350043258653
1411,0.0244305523153422
1412,0.0292436310256814
1413,0.0268298810227841
1414,0.0332898180470788
1415,0.0278267881071627
1416,0.026897332839067
1417,0.0319608577010743
1418,0.0518611880133657
1419,0.0267005614090005
1420,0.0319282252435557
1421,0.0994635009291937
1422,0.0252707853430856
1423,0.0440245008562879
1424,0.0362037789537234
1425,0.0200634791593294
1426,0.0028738195740971
1427,0.0516369997052673
1428,0.0195591828905068
1429,0.00705700849259756
1430,0.0310883057393598
1431,0.0320119668942218
1432,0.0199510217069052
1433,0.0118518272073896
1434,0.0288501550399637
1435,0.0271684985150161
1436,0.0319153778618225
1437,0.0319086826881367
1438,0.00337950545215857
1439,0.025703088791029
1440,0.0254004047040316
1441,0.030059981420246
1442,0.00586951684109363
1443,0.0222857895733097
1444,0.0258723904173567
1445,0.025151896698396
1446,0.0271475772993448
1447,0.552400052903181
1448,0.02796179556558
1449,0.0319828139413753
1450,0.0243493604040663
1451,0.277957827437068
1452,0.0321045079515919
1453,0.0173450457959892
1454,0.0320624066705858
1455,0.0159096131739584
1456,0.0319729396632263
1457,0.0035566766603216
1458,0.0119933343107261
1459,0.0208231857317326
1460,0.0394940546700388
1461,0.15128868839928
1462,0.0109416208753497
1463,0.0126947733979221
1464,0.0185219710756299
1465,0.0260564371078952
1466,0.0182394570842162
1467,0.031130980401259
1468,-0.00987337571128746
1469,0.0163934749897462
1470,0.00569375910923516
1471,0.0287029497972528
1472,-0.00484829953388846
1473,0.0154311494498812
1474,-0.00511099818601883
1475,0.0252238030981612
1476,0.0234716632966502
1477,0.0278567758197343
1478,0.030522118646159
1479,0.0325291170541
1480,0.0101225043918613
1481,0.0448967824170225
1482,0.0281673232496226
1483,0.0264448612715971
1484,0.0319264071813336
1485,0.023191576454387
1486,0.0239215919047059
1487,0.0263995639545558
1488,0.0318954048820266
1489,0.026817253260397
1490,0.0350716215616195
1491,0.0349532690240816
1492,0.030976519758213
1493,0.0155934045834029
1494,-0.00978901234564739
1495,0.0154758793326103
1496,0.0145572378587585
1497,0.0278027107151045
1498,0.022812247756388
1499,0.0294694586250534
1500,0.0247823181171601
1501,0.0236264662179033
1502,0.497520416767875
1503,0.0261110142230235
1504,0.0634521443872512
1505,0.0234677619902646
1506,0.0120479549110364
1507,0.0256588663334419
1508,0.00802869223931434
1509,-0.00477442999937121
1510,0.0319449341684212
1511,0.0302589108630093
1512,0.0108814663826549
1513,0.0320159454342271
1514,0.0191376315691757
1515,0.019906017240252
1516,0.0318957840748171
1517,0.271669688210697
1518,0.0213866552355192
1519,0.0320109483473605
1520,0.0242313579946271
1521,0.0320118786008559
1522,0.02411136865042
1523,0.0154561999958421
1524,0.0298504903399035
1525,0.020385709930507
1526,0.0271327560458617
1527,0.0286729185496724
1528,0.00805999451012999
1529,0.0236513936268072
1530,0.0175366425121646
1531,0.0268928625241773
1532,0.0916565523609967
1533,0.0198593778743436
1534,0.027966202070336
1535,0.017132520137196
1536,0.0190164860054938
1537,0.0413997328763424
1538,0.0129359510465227
1539,0.012085984662728
1540,0.0158274495284449
1541,0.023336259643407
1542,0.0386290252744295
1543,0.0222753487075655
1544,0.083203355364219
1545,0.0319513326674888
1546,0.0276881715999438
1547,0.0320375320943607
1548,0.0376211110349233
1549,0.0214688097882265
1550,0.0319076653085011
1551,0.0115169185608527
1552,0.0319045345354597
1553,0.0614000382405565
1554,0.0351757392373577
1555,0.56251339476655
1556,0.0231937120552698
1557,0.0234753601996007
1558,0.0128677739780879
1559,0.0250461628563828
1560,0.0214698851498515
1561,0.0318861026225849
1562,0.012119071330409
1563,0.0309432388920232
1564,0.0220519005483419
1565,0.0210632319578439
1566,0.0301075437563088
1567,0.122235852058583
1568,0.0278183531247949
1569,0.0305117125239485
1570,0.092638589462342
1571,0.0173963665301699
1572,0.00997752359417085
1573,0.0304579625733904
1574,0.0318983504857816
1575,0.0319343848702828
1576,0.0319720399833877
1577,0.0318962612556277
1578,-0.00075929326324152
1579,0.025718612932385
1580,0.0150337953589336
1581,0.0176497088920223
1582,0.0320359024276169
1583,0.0319479179132239
1584,0.0216183436965975
1585,0.0320443721423322
1586,0.0255802426106389
1587,0.0104981353316536
1588,0.0258268499065189
1589,0.0318680320996001
1590,0.0249294441345318
1591,0.0255957080068376
1592,0.0241334419406836
1593,0.0318910300584831
1594,0.020284729129556
1595,0.0320097939149258
1596,0.0350894387502897
1597,0.0318317711444843
1598,0.0200009775338237
1599,0.0231647677712275
1600,0.0235323215953523
1601,0.0244638568143935
1602,0.0234351839403171
1603,0.0226593421448842
1604,0.00561209627396486
1605,0.0121754235241674
1606,0.026822606420705
1607,0.0249432028188448
1608,0.0254780641321489
1609,0.020245756312985
1610,0.023479231785075
1611,0.0108493630960671
1612,0.0137710862012328
1613,0.0320270692677661
1614,0.028236107332375
1615,0.00044028995018694
1616,0.0228300027233034
1617,0.0285838157130148
1618,0.0279560409833309
1619,0.0319771922916996
1620,0.0289601625926132
1621,0.0167119002141559
1622,0.0224450111235171
1623,0.0194601409441385
1624,0.018359963807678
1625,0.0320604524850877
1626,0.021606822100183
1627,0.0319741038634673
1628,0.0193748591327803
1629,0.705330050226761
1630,0.0189461673042374
1631,0.0241552774130138
1632,0.0248432171816148
1633,0.00832669223102987
1634,0.0433537679161558
1635,0.0241603046507931
1636,0.0248914738041043
1637,0.0137411451931144
1638,0.0277344651961737
1639,0.161773542040334
1640,0.0253716479986018
1641,0.0100077503352835
1642,0.0190256486260046
1643,0.0245410996378466
1644,0.00364142499771
1645,0.925090670434163
1646,0.0147887424182135
1647,0.0253208509903606
1648,0.0240799405061328
1649,0.0297382989018839
1650,0.0275897256302146
1651,0.0206327916969354
1652,0.0202554819373403
1653,0.0238504117523164
1654,0.0264448904561356
1655,0.025188379465972
1656,0.0255531776763729
1657,0.0149929512640152
1658,0.0324861271488549
1659,0.0231143947216745
1660,0.0131990244166916
1661,0.0270091277692274
1662,0.0296900474406194
1663,0.0165411238048137
1664,0.0249224203802625
1665,0.0231658164139553
1666,0.0238712638999319
1667,0.0226345501266523
1668,0.0320066284238374
1669,0.0119485711123728
1670,0.023625740645932
1671,0.0318922303542693
1672,0.0320618565105432
1673,0.0138961755185653
1674,0.0222368429777783
1675,0.860058407582517
1676,0.0266900883535615
1677,0.0198801290706274
1678,0.0141987609944452
1679,0.00839481835663808
1680,0.00444086209097305
1681,0.0173071326054742
1682,0.0269995537676041
1683,0.0225561055943127
1684,0.031999487199433
1685,0.0289014806164782
1686,0.00953011194728319
1687,0.024916248524962
1688,0.0171366299167714
1689,0.0290576185724647
1690,0.0233257037125232
1691,0.0276871008779226
1692,0.0222930790676331
1693,0.0210687369845254
1694,0.020055285813988
1695,0.0122686226368652
1696,0.0228895064594042
1697,0.0256257822406228
1698,0.0222851522908303
1699,0.0254196911325944
1700,0.037372155701891
1701,0.0201548316495499
1702,-0.0170451549304608
1703,0.519623946668431
1704,0.0180039710584481
1705,0.0207998769384544
1706,0.0319417758425037
1707,0.0326627390110729
1708,0.0272527207233155
1709,0.0316643369201117
1710,0.194702417453085
1711,0.0318110876566032
1712,-0.0108802093000737
1713,0.00186929806462918
1714,0.022094457071597
1715,0.0192222295001123
1716,0.0216986327334902
1717,-0.031997992962667
1718,0.0174951219487199
1719,0.0194560483887301
1720,0.0248225211897584
1721,0.0185702853995303
1722,0.0301608239524386
1723,-0.0112396491392259
1724,0.0179210868939286
1725,0.0217858110738877
1726,0.00842250828926283
1727,0.0323513600814238
1728,0.0342476521018917
1729,0.0320769841939153
1730,0.043295102543658
1731,0.0201407199616229
1732,0.0153166517415655
1733,0.0234863203252011
1734,0.0207332232025374
1735,0.0306516379759056
1736,-0.00362895401155387
1737,0.0253359741412877
1738,0.0102623833009603
1739,0.0262437208638035
1740,0.0220576967029709
1741,0.0123718535510053
1742,0.00764936838648152
1743,0.00948238790730742
1744,0.618626820502343
1745,0.031846871100904
1746,0.7020251133172
1747,0.0320412803566634
1748,0.266659192802182
1749,0.0305864285872195
1750,0.0413269614615344
1751,0.0319684145149981
1752,0.0154331969125934
1753,0.024346187617823
1754,0.0310647916149416
1755,0.0274338813868541
1756,0.0253579145382403
1757,0.0319299229686786
1758,0.0320244780516542
1759,0.0323119774185086
1760,0.0223727837394859
1761,0.0551615093964084
1762,0.0319744183052197
1763,0.0319288106207228
1764,0.0263777919030777
1765,-0.00892949697839955
1766,0.0903962764930152
1767,0.0281644402127617
1768,-0.000188784837613115
1769,0.00974757258832243
1770,0.032042951782362
1771,0.0318840342282082
1772,0.0213412956951652
1773,0.0181589316197871
1774,0.0320687079405315
1775,-0.00904611754458282
1776,0.0241037930805409
1777,0.013188433777937
1778,0.0285503553863189
1779,0.0220141813676918
1780,0.0214809056890687
1781,0.018613471158261
1782,0.0354729513192695
1783,0.0159354458118927
1784,0.0320419377393038
1785,0.0336302121264507
1786,0.0261189445047249
1787,0.0902879536939706
1788,0.0320204808819664
1789,0.0229720034886133
1790,0.0133537691521095
1791,0.0250599345796669
1792,0.0274733476501606
1793,0.0267889876947312
1794,0.0284345982342907
1795,0.0320262330491482
1796,0.0160723755731486
1797,0.0315314223592133
1798,0.0301463259845893
1799,0.0668385666212918
1800,0.0301740085451836
1801,0.019842045490301
1802,0.210584569939291
1803,0.0290318992423063
1804,0.0318945468442658
1805,0.0178264227975077
1806,-0.00743388483748263
1807,0.0319493553813336
1808,0.0295450261455377
1809,0.0275195280158966
1810,0.0276559933413012
1811,0.0121003959691481
1812,0.0198892539475873
1813,0.0289947752460808
1814,0.00268651750553546
1815,0.0208005269323455
1816,0.0176961987413145
1817,-0.0133337422600878
1818,0.0230946398177358
1819,0.0282800340962063
1820,0.0197476861205488
1821,0.0251703157623797
1822,0.00278627083357244
1823,0.0263438959702459
1824,0.0132236596465195
1825,0.0200381518116532
1826,0.0285829412982172
1827,0.00194109772342216
1828,-0.0206031821813753
1829,0.032007955847781
1830,0.0257113490885188
1831,0.0299393531101452
1832,0.032078135539415
1833,0.00323625005217663
1834,0.0229133761268697
1835,0.0252838573588074
1836,0.0448603542047106
1837,0.0319211247961341
1838,0.0111518383021101
1839,0.0201991785410021
1840,0.0123806833563258
1841,0.0319537863468816
1842,0.030478105026702
1843,0.0244615659087636
1844,0.0144151558805524
1845,0.0296413523308629
1846,0.030172111195509
1847,0.0262252534844452
1848,0.0274070321951932
1849,0.0277833369283184
1850,-0.0159141531443456
1851,0.0329610689480317
1852,0.0150900382004333
1853,0.0311224764755997
1854,0.0307499656450626
1855,0.0320757391296524
1856,0.571276194943208
1857,0.0327774409445035
1858,0.0178983623113237
1859,0.0258653153499521
1860,0.0319480793051389
1861,0.0236378452481726
1862,0.0319765048974548
1863,0.00869319828804396
1864,0.031884017610873
1865,0.0180513651703588
1866,0.0181865338070899
1867,0.0318445055993552
1868,0.0281900915979855
1869,0.0318729300897568
1870,0.0318496221805731
1871,0.011552035737251
1872,0.0282377542611947
1873,0.0318795914425352
1874,0.894867166973068
1875,0.00256146367399784
1876,0.0299119070279422
1877,0.0165476979151211
1878,-0.00741610697288654
1879,0.0304129879927175
1880,0.029160545347717
1881,0.0187812492449753
1882,0.0319946628617027
1883,0.0157693167058936
1884,0.032019046318684
1885,0.0319112777392539
1886,0.253594560949313
1887,0.0198858558617231
1888,0.0160180560823913
1889,0.0133386740618699
1890,0.0947996035668868
1891,0.0264738242680195
1892,0.0318664091952915
1893,0.0470196863997165
1894,0.0224283150111872
1895,0.0161027352308089
1896,0.016740919839662
1897,0.0319861506898386
1898,0.0118791148983748
1899,0.0252224142825758
1900,0.0130901198951075
1901,0.028947891239091
1902,-0.00586995694232111
1903,0.011435827423014
1904,0.0294556299165152
1905,0.0228409933473598
1906,0.0192643875335709
1907,0.0286029051464626
1908,0.0116604389147437
1909,0.0141473671098595
1910,0.021473667691036
1911,0.0229628286910277
1912,0.0230082661411557
1913,0.0470897494609713
1914,0.0216202544666225
1915,0.0357395222090844
1916,0.0187669789219167
1917,0.0123882829609681
1918,0.0129991622790978
1919,0.015383175135839
1920,0.0421215565327717
1921,0.0154288636530788
1922,0.0231670941149321
1923,0.0278535791038613
1924,0.945999475158204
1925,0.0312515995913067
1926,0.0318803634179973
1927,0.0278120371785347
1928,0.00784324539522904
1929,0.163363990731149
1930,0.0240346184590033
1931,0.0183600725282478
1932,0.0230320218046262
1933,0.0165044406656983
1934,0.0253129115219593
1935,0.00107691929592413
1936,0.0216010665467263
1937,0.0309684987555934
1938,0.0126358335776541
1939,0.0224135164191043
1940,0.260847735090918
1941,0.0296523583454073
1942,0.0317380385510445
1943,0.0186204158797285
1944,0.0319089384321824
1945,0.0272239528906189
1946,0.0319468108644049
1947,0.0210049039314421
1948,0.54746726145119
1949,0.031035732152846
1950,0.0319106964541225
1951,0.0277909764504244
1952,0.0318791905900446
1953,0.0162462020990507
1954,0.0319451256331542
1955,0.0821781081495467
1956,0.0264798981268147
1957,0.0162510415755788
1958,0.0318648686744354
1959,0.0366540061282836
1960,0.0121659203642159
1961,0.0278311944853998
1962,0.0320075410792582
1963,0.000471047064748015
1964,0.0177974971082339
1965,0.0371920966833456
1966,0.0551901961287737
1967,0.0241564746479651
1968,0.0180242933682218
1969,0.0350418278038514
1970,0.0319377513114156
1971,0.0243933165020038
1972,0.026970709708773
1973,0.0273037096770572
1974,0.032080273713859
1975,0.0258139783747275
1976,0.0480240373830352
1977,0.0192856745508556
1978,0.0235152715339713
1979,0.021619842133954
1980,0.018107903324859
1981,0.031969024800559
1982,0.0283239893466719
1983,0.0082112211136797
1984,0.237560302725925
1985,0.0247159131704451
1986,0.0203470989538316
1987,0.0140273315732702
1988,0.0264003893886686
1989,0.00424428185859871
1990,0.0320771948142114
1991,0.0250334957262378
1992,0.0256218991772863
1993,0.0320354088922439
1994,0.766694175716415
1995,0.0318802920255854
1996,0.0208153244181077
1997,0.031849236618678
1998,-0.0137811669689845
1999,0.0637387478988268
2000,0.0177447126449976
2001,0.026941335915187
2002,0.0264735517659565
2003,0.0303333912548034
2004,0.0219832158489916
2005,0.0144202597062586
2006,0.0346191317090509
2007,0.0799976602963428
2008,0.0297076733915027
2009,0.0319419057103269
2010,0.0334202065897869
2011,0.0312938547061044
2012,0.00991946038994784
2013,0.0118007375337681
2014,-0.00264871880302855
2015,0.0295795308134661
2016,0.0170242499937752
2017,0.0283538877903137
2018,0.0107057802727205
2019,0.0162762649999244
2020,0.200996161431047
2021,0.0113407563289577
2022,0.0319031331899363
2023,0.0316438782485276
2024,0.03162046841735
2025,0.0319776670380877
2026,0.0272035086097845
2027,0.0268227083841884
2028,0.031945427125787
2029,0.0064577123240883
2030,0.0320049513746283
2031,0.0219160684900528
2032,0.0254603495063648
2033,0.0163136612556623
2034,0.028259986155521
2035,0.028537204665498
2036,0.0204805373200009
2037,0.000122159077974832
2038,0.0222149701810233
2039,0.0319264739747226
2040,0.984974410124112
2041,0.0143430058023309
2042,0.0318400184641076
2043,0.0191964345605474
2044,0.00832925868483481
2045,-0.00295832000754928
2046,0.0203488129236655
2047,0.019746405871928
2048,1.03198900763415
2049,0.0142399045144937
2050,0.0162436828773452
2051,0.025826065284436
2052,0.0318313389614629
2053,0.0269708534713046
2054,0.0286918922995987
2055,0.0396620027598001
2056,0.0149013416086187
2057,0.0276592387085727
2058,0.0164318920841168
2059,0.0205628875068435
2060,0.893939210306116
2061,0.0130488332285218
2062,0.0239291116282134
2063,0.0243401008456897
2064,0.0319954290705829
2065,0.0224532639349482
2066,0.0262492053982593
2067,0.0288684272047852
2068,-0.00410116723189233
2069,0.0299122004938129
2070,0.0319928134982584
2071,0.642085957722967
2072,0.0168069784654532
2073,0.0442841070553335
2074,0.0319918021693146
2075,0.0268944497651408
2076,0.133475158201206
2077,0.024548688692349
2078,0.0319222866766413
2079,0.0247858277097926
2080,0.023183954473965
2081,0.0261112669131409
2082,0.0421407243400271
2083,0.0252552329355304
2084,0.0149247641499484
2085,0.159932849812806
2086,0.0125484206619033
2087,0.0320856215675491
2088,0.0047029723738554
2089,0.0217123415150979
2090,0.0193828061797496
2091,0.0249553582647098
2092,0.0294134791038094
2093,0.0179035262389305
2094,0.026368485360264
2095,0.0189004016856786
2096,0.0235333518504033
2097,0.0183986089450237
2098,0.0254227964496399
2099,0.0216085895134042
2100,0.0319782148090936
2101,0.0320153678425583
2102,0.0272677238284423
2103,0.0559205305185557
2104,0.0239517983443044
2105,0.0182045570484093
2106,0.0178050399466937
2107,0.14610853897813
2108,0.0318742890088561
2109,0.0165661502063856
2110,0.0421006766705238
2111,0.0206672111572885
2112,0.0307542901548757
2113,0.0119479669422693
2114,0.0261638344725964
2115,0.0180638550387468
2116,0.0292311785332693
2117,0.0252314598035566
2118,0.0317906352540167
2119,0.0137491264040562
2120,0.00587497990150382
2121,0.026337570293388
2122,0.0236967453430141
2123,0.00725028540136526
2124,0.0300698271358899
2125,0.0310940739492787
2126,0.0320623290200902
2127,0.0282707549801139
2128,0.0174589522392222
2129,0.0140505605669392
2130,0.485632744334904
2131,0.0304113894399704
2132,0.0241383673987055
2133,0.0979894337449167
2134,0.0218319492856058
2135,0.0228418126262075
2136,0.0139656059072193
2137,0.0186300303026867
2138,0.0641859030058113
2139,0.0159459283682105
2140,0.0236415100286766
2141,0.0162382899180033
2142,0.031921896396395
2143,-0.00688891518532642
2144,-0.00704345921929407
2145,0.0278810686622583
2146,-0.000569522126400573
2147,0.0264921180963313
2148,-0.00821688127049518
2149,0.0230489449538382
2150,-0.0126372897329366
2151,0.022074952426681
2152,0.464298278673867
2153,0.0183325640505637
2154,-0.0228245973989085
2155,0.0347414235633261
2156,0.0300198476032702
2157,0.00253489881509576
2158,0.0282040440167697
2159,0.0494452913653721
2160,0.0250746274989669
2161,0.0261170460875978
2162,0.0320649866528918
2163,0.022970185115797
2164,0.048434870071819
2165,0.0319263722695578
2166,0.0242634173391121
2167,0.0320857455378532
2168,0.0242379440786476
2169,0.0251522139315165
2170,0.0316338200528342
2171,0.0151990295084703
2172,0.0273917378583655
2173,0.0229415197443398
2174,0.0251574677687382
2175,0.0192155176397719
2176,-0.0108731367639442
2177,0.0208596753022237
2178,-0.00929176085187959
2179,0.0910756048495944
2180,0.0320370891431686
2181,0.0938317108328044
2182,0.0254130878156835
2183,0.195323623462535
2184,-0.0106694890032415
2185,0.0120303890121458
2186,0.0320506803046017
2187,0.0319043520107911
2188,0.0213563982122375
2189,0.0204079332766009
2190,0.0254374516755729
2191,0.00244183016810352
2192,0.0300064403462683
2193,0.0314883183420957
2194,0.0187784979943213
2195,0.00745191463667956
2196,0.0297246086991942
2197,0.0318658436527414
2198,0.00534906225147201
2199,0.0151956873730775
2200,0.0202789230198669
2201,0.0301308555200572
2202,0.0314613591480697
2203,0.0241546779272523
2204,0.0103960870416252
2205,0.0191806709851591
2206,0.0239103790828897
2207,0.0267808113109867
2208,0.0319652095192689
2209,0.00841241962275578
2210,0.0320603673825864
2211,0.0229578157034133
2212,0.00693142775639324
2213,0.0184987305585353
2214,0.023791574497935
2215,0.0265923244705657
2216,0.483630474295729
2217,0.0789876630963303
2218,0.024272068633905
2219,0.0316958125407863
2220,0.0258186272227487
2221,0.0297066093534537
2222,0.0316286119033218
2223,0.0291012855110318
2224,0.0319563840378667
2225,0.0319675244015948
2226,0.0166386328164071
2227,0.0167121913378148
2228,0.0320256873516965
2229,0.0221895899178531
2230,0.0319774506183772
2231,0.0342748221069274
2232,0.0249196105326404
2233,0.012458368137264
2234,0.0318916715159175
2235,0.0320603560781841
2236,0.0194696523904387
2237,0.139983652290896
2238,0.0312929758287386
2239,-0.010945480746982
2240,0.0129143825742279
2241,0.019295341934
2242,0.0320715431455248
2243,0.0402692973492796
2244,0.0278221452494178
2245,0.296089322462747
2246,0.000525684297627144
2247,0.0253396855832248
2248,0.00681159988773479
2249,-0.00147288143370709
2250,0.0158653893223639
2251,0.0320639726884769
2252,0.0319898155927257
2253,0.0320404731965244
2254,0.0318918947380894
2255,0.00572589618037528
2256,0.00473755432946595
2257,0.0320646843778298
2258,-0.00183638782380463
2259,0.0408194934985884
2260,0.0319375248393503
2261,0.0280697682834482
2262,0.0319733813413036
2263,0.0308981992182445
2264,0.0514312455869726
2265,0.0266916888108029
2266,-0.00025622694237161
2267,0.0263333475775824
2268,0.0131732502614955
2269,0.219258753090461
2270,0.0112658596508659
2271,0.0485928451901194
2272,0.0185730362523657
2273,0.0248761031159231
2274,0.0294735577951298
2275,0.0320144121275686
2276,0.0114244378451717
2277,0.151972603018174
2278,0.0159977804877793
2279,0.0320734916819765
2280,0.00803344672849791
2281,0.829381932525957
2282,0.0283616656749899
2283,0.021106176697497
2284,0.018187301568931
2285,0.0309525484519332
2286,0.0318789607716288
2287,0.030821433250167
2288,0.0318001177057589
2289,0.0229987903435524
2290,0.0140661285724203
2291,0.0244998285650202
2292,0.0204346499324542
2293,0.0314325595449814
2294,0.00715638561895388
2295,0.0322134874748448
2296,0.0267268702143258
2297,0.0281764800376629
2298,0.0287678460172716
2299,0.850136198510343
2300,0.475611112088973
2301,0.0168258244869678
2302,0.0731772495962518
2303,0.967953055286043
2304,0.029796188943679
2305,0.0247870310509579
2306,0.0246823174901931
2307,0.0316016882267305
2308,0.0146608355069727
2309,0.0338005398588384
2310,0.0183097033537357
2311,0.0240316300717235
2312,0.0319571886886793
2313,0.0320998075623323
2314,0.0387000766904147
2315,0.027249508011782
2316,0.0204673342781781
2317,0.22326194386435
2318,0.025175867857857
2319,0.0318956680109187
2320,0.0658278971929875
2321,0.0280535563744988
2322,0.0393697220446574
2323,0.0307346735636268
2324,0.0331946663525382
2325,0.0320661554947956
2326,0.0150072170384542
2327,-0.00425739882192563
2328,0.0167273452853754
2329,-0.00121656293529597
2330,0.0310640200846385
2331,-0.0127609955831178
2332,0.0177499386479737
2333,0.0318663719064098
2334,0.0308282195436786
2335,-0.010102118261809
2336,0.0166854885000509
2337,0.0357837530538144
2338,0.0247148780144469
2339,0.0876719624204636
2340,0.0150522523330584
2341,0.0287068072716415
2342,0.0318795113832077
2343,0.0226965258717537
2344,0.0300441819410555
2345,0.00657035482173231
2346,0.0935877091759821
2347,0.0319761170836121
2348,0.0319937877232885
2349,-0.000196538510504718
2350,0.0234666800186027
2351,0.0220793192962025
2352,0.0216371526808715
2353,0.0294348070554993
2354,0.0225516219728285
2355,0.0207611536210632
2356,0.0135531867584371
2357,0.0253311297115482
2358,0.0355307940980121
2359,0.0614659436307393
2360,0.0247214290520561
2361,0.0320240612565016
2362,0.0273967249526557
2363,0.0318731787420683
2364,0.00730070701261536
2365,0.451197975818966
2366,0.0199608756163595
2367,0.0224015685407596
2368,0.0280562230295604
2369,0.0200669041044435
2370,0.0221058922528791
2371,-0.0121390956806933
2372,0.0246588175675842
2373,0.0281286933197694
2374,0.0277813593856255
2375,0.028412182593689
2376,0.0217766711884634
2377,0.0319828423380339
2378,0.0324536852936274
2379,0.0320107298541526
2380,0.0319194230359498
2381,0.01120206855388
2382,0.0190354001961623
2383,0.0310823493582376
2384,0.00265396237586372
2385,0.00878934496304473
2386,0.0319246296681267
2387,0.0154036320617051
2388,0.0304810748702955
2389,0.0308087019083082
2390,0.0198473816929049
2391,0.0179002888825628
2392,0.0129616335680215
2393,0.0281066849310398
2394,0.0161483099328317
2395,0.0142200142355905
2396,0.0177270710511376
2397,0.0261310844290015
2398,0.0201192375485789
2399,0.0234917219166297
2400,0.0245086275317715
2401,-0.00708759561859587
2402,0.0150947233341711
2403,0.0318614442049804
2404,0.0319971563493766
2405,0.0313353310684562
2406,0.0258423444343973
2407,0.505304383158349
2408,0.0290686755263316
2409,0.0320432005691754
2410,0.0284635937551336
2411,0.0318802591533576
2412,0.0825742993089673
2413,0.0319737739512955
2414,0.0319050147874761
2415,0.0216349002313049
2416,0.0318324765212829
2417,0.0223040247722806
2418,0.0302613679598081
2419,0.0439616139581054
2420,0.0219554147573149
2421,0.0213112573617544
2422,0.0293170216063797
2423,0.968082577252812
2424,0.0239940172884977
2425,0.0285985377939812
2426,0.0767950716426332
2427,-0.00850648315158636
2428,0.0191973841702614
2429,0.0287461761634484
2430,0.0262794724971827
2431,0.00575431842949951
2432,0.019715754556604
2433,0.414947190889529
2434,1.00731629512054
2435,0.028054146215549
2436,0.031950992919685
2437,0.0125195583929559
2438,0.0320262501760739
2439,0.0429463780686996
2440,-0.00532743550843361
2441,0.0761232055248412
2442,0.0302364053850724
2443,0.0275412144371768
2444,0.0169838939154077
2445,0.0214823060832111
2446,0.0202838317795568
2447,0.0221354059655832
2448,-0.0110159189646458
2449,0.0314701734100507
2450,0.00448892635736238
2451,0.0297840546810331
2452,0.0308673756377291
2453,0.0102361343733224
2454,0.0229100451544274
2455,0.0319978300180471
2456,0.0283269988480942
2457,0.0243668146225119
2458,0.489008219980453
2459,0.0138833591498622
2460,0.0294651624372569
2461,0.019323771041367
2462,0.0313048660096484
2463,0.0247438204900719
2464,0.0252721121590729
2465,0.022762026383117
2466,0.0301888753890787
2467,0.031903014275052
2468,0.0266043074846999
2469,0.102988718393434
2470,0.0253676024578274
2471,0.0254505833253865
2472,0.0143922071668934
2473,0.026119851109555
2474,0.00981084177096682
2475,0.42604298606738
2476,0.0236170967294097
2477,0.0116445125406777
2478,0.0271975809628531
2479,0.0300443130546397
2480,0.0272458254599169
2481,0.0280383455582249
2482,0.0355487930595376
2483,0.0209610507625391
2484,0.0173802780844966
2485,0.00344971927154768
2486,0.031882950881727
2487,0.0308223045523247
2488,0.0286648811181316
2489,0.0318930570713629
2490,0.0239301589540354
2491,0.0310664228166787
2492,0.0132363261415071
2493,0.0246185021874907
2494,0.0253086276454973
2495,0.0286260504863075
2496,0.0308535234231465
2497,0.00956334598557756
2498,0.0304408528400338
2499,0.0283240681540877
2500,0.382341247162411
2501,0.0226366779406391
2502,0.0312161638558255
2503,0.018053473926432
2504,0.0281720449822377
2505,0.0228560899356584
2506,0.0156778543662771
2507,0.0304382905308437
2508,0.0227592219616281
2509,0.0319336457769978
2510,0.0303282671084765
2511,0.0172188728565421
2512,0.96802604947703
2513,-0.00403203482901761
2514,0.0150355146440003
2515,0.110635148516043
2516,0.0184061525497349
2517,0.0309257894918504
2518,0.0648915087393387
2519,0.0109118396204539
2520,0.0318750048375167
2521,0.0227719910204866
2522,0.0887601018928702
2523,0.940948645713649
2524,0.0319652519097624
2525,0.0246017337061855
2526,0.0281266423968332
2527,0.0181014605149122
2528,0.0370819419602505
2529,0.930493558343305
2530,0.0256057908105834
2531,0.067170802360068
2532,0.00368152895073312
2533,0.0320026792306336
2534,0.0242559424456578
2535,0.0284608134481186
2536,0.335878400147917
2537,0.00134161072821257
2538,-0.0119978647816476
2539,0.0198778600889513
2540,0.0086228725556472
2541,0.0291121823229833
2542,0.0277599303022839
2543,0.774642814305439
2544,0.00781646091669758
2545,0.0325441386822833
2546,0.0187222927585075
2547,-0.0150289214086758
2548,0.0258854975692676
2549,0.021358823597804
2550,0.0302140908509495
2551,0.0319765028850852
2552,0.0319149074135187
2553,0.0346089685023033
2554,0.022531257568394
2555,0.0277158770111686
2556,0.0319496790584593
2557,0.00923255190053295
2558,0.0280899544117961
2559,0.0293706963483476
2560,0.0267610380296095
2561,0.0268649935352311
2562,0.0319306647248601
2563,0.0315191110109963
2564,0.0456759832429295
2565,0.025049967825863
2566,0.00601696246230002
2567,0.024058025942815
2568,0.031929600954864
2569,0.0194127733292012
2570,0.0283309900945339
2571,0.0166089249984227
2572,0.0173767498008827
2573,0.0250159005989001
2574,0.00727405324606055
2575,0.0320382168556674
2576,0.0318990736858947
2577,0.00751045276362534
2578,0.0188764435468324
2579,0.035152335093957
2580,0.0303582329145701
2581,0.021230745070534
2582,0.0491374977619031
2583,0.0199824405174054
2584,0.0174355358878446
2585,0.0549375325775272
2586,0.0230159930370694
2587,0.0250866390875044
2588,0.0332463420209018
2589,0.0319845277060661
2590,0.0210347446494818
2591,0.0201694827784041
2592,0.0282683442244095
2593,0.0228658177550947
2594,0.0320123397035028
2595,0.0287650452430488
2596,0.0120084167431811
2597,0.0319325550655548
2598,0.0230449719496006
2599,0.0319319354248867
2600,0.0313869648277632
2601,0.0261253284387698
2602,0.0237643733146538
2603,0.0254853723441748
2604,0.0268429266504879
2605,0.015291198561743
2606,0.0199589103325217
2607,0.0466065042075418
2608,0.0171473744144637
2609,0.000668782908394477
2610,-0.000724169714677259
2611,0.0387977895566157
2612,0.031906746424866
2613,0.016629151758435
2614,0.0286253131344581
2615,0.0312050257625126
2616,0.334145722107648
2617,0.0229173552642182
2618,0.0319268632775285
2619,0.0249120302950923
2620,0.0455238144489379
2621,0.0178726919824899
2622,0.0154573137131119
2623,0.022696392125352
2624,0.0740220488171828
2625,0.0290541052152835
2626,-0.00878635248141212
2627,0.0262941751966405
2628,0.0318701812342342
2629,0.031856987779299
2630,0.0273803169716553
2631,0.061433448378
2632,0.0318462184059302
2633,0.340814052287801
2634,0.0323006308946157
2635,0.0258207576473952
2636,0.0397087230494696
2637,0.0219140637276931
2638,0.00869262863517373
2639,0.0327504348532224
2640,0.0255065153527541
2641,0.0318760016836986
2642,0.00364675153825392
2643,0.0253716086252007
2644,0.0371976101462394
2645,0.030390696511096
2646,0.0162301070145853
2647,-0.00804593025089101
2648,0.137366666890015
2649,0.0320243662087211
2650,0.03172529700325
2651,0.0314299057491001
2652,0.0228448458335201
2653,0.0326127789533883
2654,0.0204564904941015
2655,0.0210000744180809
2656,0.0232912459220235
2657,0.0136568540210777
2658,0.040480662962018
2659,0.0166108886787364
2660,0.0266116454945249
2661,0.0313560411890606
2662,0.0261832192727154
2663,0.144379780083642
2664,0.251340613505793
2665,0.0281071682824686
2666,0.0275602065944937
2667,0.0319729054887467
2668,0.0235201651032831
2669,0.0234239240743095
2670,0.425651281995982
2671,0.0298385698358742
2672,0.0118713680789311
2673,0.00402491945006594
2674,0.028035926933012
2675,0.163146825253549
2676,0.0261686659564559
2677,0.0319983566625975
2678,0.0218670874961252
2679,0.0242711813622081
2680,0.0187840671973675
2681,0.0175986222850887
2682,0.470378609782406
2683,0.018768858385637
2684,0.0226812499665218
2685,0.0155711364530077
2686,0.0292379687354349
2687,0.00225931658612354
2688,0.0257499656423717
2689,0.0180230110051136
2690,0.0437961171884811
2691,0.0247316143525957
2692,0.00791462545066574
2693,0.0319636009739531
2694,0.027824055930798
2695,0.0264929852664216
2696,0.0200052697256321
2697,0.0241474301443225
2698,0.965175791013933
2699,0.481815473845216
2700,0.0169780438981344
2701,0.0238692846688981
2702,0.0207130151523234
2703,0.0141465919170789
2704,0.010876608917083
2705,0.0186868476673131
2706,0.0319529300400105
2707,0.0152988060412547
2708,0.0208348451949038
2709,0.0295775858433859
2710,0.0099674595457873
2711,0.0319740593975929
2712,0.0318802548162311
2713,0.00419438957652203
2714,0.0155508757993038
2715,0.0262166268082022
2716,0.0520156996420074
2717,0.0279261409809858
2718,0.016957048472654
2719,0.23593686897678
2720,0.0302450812482124
2721,0.0320326296382733
2722,0.0274792314210125
2723,0.0224082669615808
2724,0.0320193059531392
2725,0.0246297394982696
2726,0.0215286483474871
2727,0.031979982124601
2728,0.0294684879002914
2729,0.0245523306346746
2730,0.0319364241319336
2731,0.0224098958130124
2732,0.0107460006972989
2733,0.0195073177091582
2734,0.0233361878069368
2735,0.0145828837054685
2736,0.0312125061225625
2737,0.0183596248117477
2738,0.031924592790375
2739,0.0155439680808914
2740,0.0300926917975682
2741,0.0968147303286858
2742,0.00821371046613183
2743,0.0318467458441691
2744,0.0298429808699887
2745,0.0145082507996626
2746,0.0253643810891891
2747,0.0217762880360051
2748,0.0320745265168387
2749,0.0299327837833239
2750,0.0319721578695707
2751,0.0228032038199974
2752,0.0287514862119587
2753,0.0319116751531689
2754,-0.00052959758133081
2755,0.0297601871721621
2756,0.0232210322246023
2757,0.0136064805685044
2758,0.0320417289213911
2759,0.0371383432285948
2760,0.0229184699824542
2761,0.0320480830814914
2762,0.0264268955013
2763,0.0224912355735445
2764,0.000892305486102127
2765,0.0318707145398937
2766,0.0280021805934388
2767,0.0268796525177947
2768,0.028088755353626
2769,0.0319017458560467
2770,0.0319149037528465
2771,0.0161284968284457
2772,0.0111559974448497
2773,0.0319842418676642
2774,0.0157602961795323
2775,0.0243037683578895
2776,0.0320496266050094
2777,-0.0183816732722744
2778,0.0401418089558597
2779,-0.00124896113000363
2780,0.0174477996374618
2781,0.0213350529711992
2782,0.0319454177068877
2783,0.0257212450525638
2784,0.0170799091254337
2785,0.184602398749097
2786,0.0639426794689675
2787,-0.000254140673248068
2788,0.0348707710155383
2789,0.0135122463191153
2790,0.0221416634313562
2791,0.0319247419036437
2792,0.197648170259681
2793,0.0319479023732033
2794,0.0279790610565907
2795,0.0297885324495734
2796,0.0309763200700054
2797,0.0128810079592029
2798,0.0730285627106528
2799,0.0209663877800006
2800,0.031879200573813
2801,0.0194948756832564
2802,0.05522555294333
2803,0.0163809910700137
2804,0.0250715261468813
2805,0.0292393698853566
2806,-0.00255338394101033
2807,0.0320254174004762
2808,0.0209141265744973
2809,0.0319738044375019
2810,0.029798660465444
2811,0.025920497323918
2812,0.0265504885912099
2813,0.646382751344412
2814,0.0237509139410921
2815,0.0055778111384843
2816,0.0231591203127226
2817,0.537648339833596
2818,0.0273135153156006
2819,0.0260637269072035
2820,0.019712527354251
2821,0.0318897258761761
2822,0.0266880811854122
2823,0.0197623479891493
2824,0.0320283037249579
2825,0.0230855452748752
2826,0.0305452407433944
2827,0.0290743757460233
2828,0.0308652742785682
2829,0.0246747333454536
2830,0.0142488143538287
2831,0.0503509917256466
2832,-0.000422605868148185
2833,0.0261153886219494
2834,0.00488668453167632
2835,-0.0142825690646415
2836,0.0178542013761804
2837,0.0284343574653791
2838,0.0165740406916513
2839,0.0319021636186594
2840,0.0320325549521788
2841,0.0224762350667593
2842,0.0213354154479308
2843,0.0319903637578513
2844,0.62686133524461
2845,0.036210338866613
2846,0.0101503970461058
2847,0.0189199849532094
2848,0.0445026788636329
2849,0.0473397976603218
2850,0.00924107689018068
2851,0.0132608279023202
2852,0.0212334344861716
2853,0.0168003757470387
2854,0.0319516551184647
2855,0.0309580586046384
2856,0.0269578937324828
2857,0.0282558053932733
2858,0.0318198917685107
2859,0.0364172547922489
2860,0.0409415196945153
2861,0.0320913492676945
2862,0.032698534550965
2863,0.0320313844573541
2864,0.0281186794027786
2865,0.00420450502210742
2866,0.0165597977904553
2867,0.0201511972679215
2868,0.0276789311322637
2869,0.0110385591377891
2870,0.0320111705242808
2871,0.0319672519634811
2872,0.0220890513033564
2873,0.0312572809778536
2874,0.0197703613988385
2875,0.030382058941271
2876,0.0302344230027524
2877,0.0246571662735382
2878,0.02951321446163
2879,-0.0270671602966761
2880,0.0137156772418403
2881,0.0319180938075508
2882,0.0219616465225805
2883,0.0126398114683323
2884,0.0948861226424506
2885,0.0267701416943499
2886,0.0320116758513866
2887,0.0324603083079367
2888,0.0303049460794143
2889,0.00979732537232433
2890,0.00697839141162335
2891,0.0282203255297577
2892,0.0218313422049513
2893,0.0302687883449468
2894,0.00489672145567824
2895,0.0170039368606772
2896,0.0788950451665864
2897,0.0258876907557894
2898,0.0139834049804526
2899,0.0320546548899628
2900,0.0307406556839495
2901,0.0122503181599328
2902,0.0249332904393972
2903,0.00758536706280338
2904,0.0306345885608853
2905,0.0248765797035747
2906,0.0174175550412036
2907,0.0561359413046934
2908,0.0297744151661605
2909,0.0125852332511379
2910,0.0212645603808678
2911,0.408935997172179
2912,0.00457528808056604
2913,0.35543416246256
2914,0.0319224829938364
2915,0.108858764448966
2916,0.0320898682037049
2917,0.0147012775442587
2918,0.0224692304851764
2919,0.963631314790504
2920,0.0309070514368649
2921,0.0285311686706201
2922,0.0164268441058224
2923,0.0319457964045351
2924,0.0292133089365684
2925,0.0226045535488039
2926,0.0178888848102801
2927,0.028368724124157
2928,0.0186344796294656
2929,0.031903150905522
2930,0.0320494099057222
2931,0.0219922038924285
2932,-0.0034819129079007
2933,0.0189115834846614
2934,0.0188563582367692
2935,0.00932004050802844
2936,0.0219534750902682
2937,0.142232465261847
2938,0.251277592991334
2939,0.0294067140841611
2940,0.0318613654606768
2941,0.0203605616069897
2942,0.0180006119295999
2943,0.0299032640247263
2944,0.410158416009688
2945,0.0309689272993346
2946,0.0368838777827911
2947,0.0299237613957341
2948,0.0271991551323635
2949,0.0172301854655177
2950,0.0300576487976911
2951,0.0319297167545128
2952,-0.00122797202832776
2953,0.0134232162295535
2954,0.0128407718764056
2955,0.0151033416779982
2956,0.346577934273546
2957,0.0319096649873989
2958,0.0174037295608065
2959,0.0308387582062759
2960,0.0452998561203106
2961,0.0273282032564908
2962,0.0121965022165689
2963,0.0240453048992111
2964,0.0290242851191131
2965,0.0249983791352723
2966,0.00833891986667422
2967,0.0313559702053286
2968,0.0214062398240403
2969,0.0212232082929986
2970,0.031965515069105
2971,0.0490056361948161
2972,0.0244088208402047
2973,0.0320430707289347
2974,0.00560100163388974
2975,0.0193927125875628
2976,0.0273184841082871
2977,0.0957979376408876
2978,0.0269080451986692
2979,0.0252600505945594
2980,0.0182293122381513
2981,0.0759025960446552
2982,0.0320152880290997
2983,0.0300635901729414
2984,0.0260824015494633
2985,0.0259297328331128
2986,0.0319461414834503
2987,0.0859991247104322
2988,0.0170967951233269
2989,0.0223022507936242
2990,0.0208080455138983
2991,0.0338249727223745
2992,0.0319385771428375
2993,0.029122514493428
2994,0.0421556569917322
2995,0.544791501597551
2996,0.0221475079190235
2997,0.00612161225789824
2998,0.0171696996867042
2999,0.0311306937526592
3000,0.0302544798698967
3001,0.0288530239399033
3002,0.0333075844371227
3003,0.03126469635252
3004,0.0675315830193818
3005,0.0227960909365384
3006,0.0301698949000183
3007,0.0320035438572062
3008,0.0213673662949528
3009,0.0232057120529924
3010,0.0320120031566911
3011,0.0161785089874947
3012,0.0137004769095817
3013,-0.000334556020868806
3014,0.0163146969651687
3015,0.0319570500223531
3016,0.026908509245994
3017,0.0196644390637431
3018,0.00766540300964402
3019,0.0319767673684851
3020,0.0294487373870546
3021,0.0110039632187891
3022,0.00733747494394307
3023,0.00971680233369145
3024,0.0327766846128509
3025,0.0320255262972041
3026,0.022815312240151
3027,0.0180705187644311
3028,0.0551197878247492
3029,0.0318592330776454
3030,0.0206430182712707
3031,0.0194310362341028
3032,0.0293898676237819
3033,0.0324469712688417
3034,0.0211822696454036
3035,0.028950426131856
3036,0.0261341057006674
3037,0.123420129725855
3038,0.0152579152431316
3039,0.0283536588903095
3040,0.0320976666297416
3041,0.0319068918543421
3042,0.0278377104586667
3043,1.0369925375604
3044,0.0318638851014345
3045,0.0263934021100946
3046,0.0223641189661198
3047,-0.0065420646618673
3048,0.0246119847257412
3049,0.0319688597945593
3050,0.0319642477584125
3051,0.0156593284703713
3052,0.0279068660841695
3053,0.0493338062583858
3054,0.0320235164726389
3055,0.0319532194607317
3056,0.0320748448021754
3057,0.337391988429566
3058,0.0216167901775816
3059,0.0316470070095071
3060,0.0222655414439011
3061,0.0264590890839498
3062,0.0197806630910122
3063,0.0351612831867502
3064,0.0310899211106954
3065,0.00599840546131063
3066,0.0233879493703451
3067,0.0204754235829649
3068,0.0288853598286429
3069,0.0229344553114936
3070,0.0138310436023551
3071,0.0321120388749356
3072,0.0277768784377997
3073,0.0308277856597925
3074,0.0319292886935553
3075,0.0277338756808822
3076,0.00301873015060899
3077,0.0177209145852986
3078,0.0289890694835737
3079,0.0180599039671594
3080,0.0110616649158323
3081,0.0275701779182883
3082,0.122635643930908
3083,0.0320485798293752
3084,0.00121713107541332
3085,-0.00776901416835789
3086,0.024787403416699
3087,0.0158261436297581
3088,0.0227632020029947
3089,-0.00583561643970905
3090,0.032324897352315
3091,0.0398958849253908
3092,0.0309567487894088
3093,0.385184221053855
3094,0.0284659401314319
3095,0.0200270304853852
3096,0.0291579878060358
3097,0.0374337615655343
3098,0.0227542204813965
3099,0.0319274128624929
3100,0.00509220805995957
3101,0.0302463154776192
3102,0.0224109769857394
3103,0.0141143211149339
3104,0.0210076284606243
3105,0.0292788521554503
3106,0.0168335623299602
3107,0.0114153449069268
3108,0.0251652500896395
3109,0.0280563476812962
3110,0.0240340124094145
3111,0.016684149403427
3112,0.0263639563808903
3113,0.0315898721848338
3114,0.0557342389950277
3115,0.0317204341999116
3116,0.0253788426066619
3117,0.0282841140573463
3118,0.024176518466656
3119,0.00126060012854125
3120,0.0256932271506296
3121,0.0318992211542392
3122,-0.0109360902271463
3123,0.0196026420520609
3124,0.0314745246278232
3125,-0.00455208121709713
3126,0.0187112921065267
3127,0.0662012188563617
3128,0.0153990899668675
3129,0.0508213894542052
3130,0.0193094980014987
3131,0.0241102084191003
3132,0.0320823892871066
3133,0.0179707454728338
3134,0.0319373501379846
3135,0.0288856743612308
3136,0.0200120849901514
3137,0.0302677430648598
3138,0.0347593351126506
3139,0.0280946771990619
3140,0.0195132472570323
3141,0.028001279953604
3142,0.0320920169116437
3143,0.0201963833644237
3144,0.0247599994626456
3145,0.0244745921852826
3146,0.0190547342404827
3147,0.0268658931528751
3148,0.0165106388929673
3149,0.0120911404234104
3150,0.0257710281235331
3151,0.442598293429378
3152,0.0131308741136136
3153,0.031916687711252
3154,0.0280657898412592
3155,0.0320698926560937
3156,0.0191217528890085
3157,0.0271286377410717
3158,0.0319744809470855
3159,0.209810964484524
3160,0.0163553316553632
3161,0.0319695224037011
3162,0.0183932267207477
3163,0.0319476518113277
3164,0.0310737066448496
3165,0.0213145037662131
3166,0.0320387944031099
3167,0.0340086290167202
3168,0.673085810550759
3169,-0.000130155627587863
3170,0.0288132352540746
3171,0.0297970797082987
3172,0.0296392564757341
3173,0.0294438700220524
3174,0.0274921399254469
3175,0.0104058581935616
3176,0.0211093880822832
3177,0.0137787474887789
3178,0.0258547955539377
3179,-0.0105034924607576
3180,0.0205058917849198
3181,0.0472927029933096
3182,0.0319338013824886
3183,0.00931068427631972
3184,0.0150668772575934
3185,0.0280690529680255
3186,0.0267980966545862
3187,0.0142532767599172
3188,0.031955041695511
3189,0.0287614605297215
3190,0.0111164730878076
3191,0.032555504206064
3192,0.0235599849458115
3193,0.0295785661002612
3194,1.03195598266988
3195,0.0129961845595533
3196,0.0227334408537895
3197,0.177907352789512
3198,0.0320909609888739
3199,0.0547481234555977
3200,0.0272823427008317
3201,0.0319984052299205
3202,0.138554777785016
3203,0.0222801085121833
3204,0.0253435512508109
3205,0.0318716301275041
3206,0.0355647679686281
3207,0.0216292910828078
3208,0.0252411528587006
3209,0.0326838639113774
3210,0.253428660707061
3211,0.0262801118048385
3212,0.0313286080734727
3213,0.0290995653121261
3214,0.0320279910770307
3215,0.0296431287331522
3216,0.030742024956578
3217,0.0128567801892915
3218,0.0254386289520254
3219,0.0286030559261115
3220,0.0319244168432593
3221,0.00785268952840786
3222,0.0197451607870159
3223,0.0310956916561538
3224,0.0244031600271767
3225,1.03206467803896
3226,0.409218697347062
3227,0.0344944446221853
3228,0.0294661052519147
3229,0.0174910280253798
3230,0.0320016890721302
3231,0.0273928909089811
3232,0.00976531774384823
3233,0.0247249004489145
3234,0.0278586602759095
3235,0.0298610261522311
3236,0.868993087965947
3237,0.738419106539485
3238,0.0254282503064764
3239,0.00537648356810226
3240,0.00672696866087136
3241,0.0256655092637134
3242,0.0171939543168357
3243,0.0282264737303643
3244,0.0363614825457759
3245,0.0319667762179524
3246,0.029575172790996
3247,0.0256540127227398
3248,-0.00794761309896719
3249,0.026438710649371
3250,0.00558479561286465
3251,0.0278713766315258
3252,0.0204098401908358
3253,0.0319179685747465
3254,0.0228969033642481
3255,0.021057124613125
3256,0.0217304734970374
3257,-0.0179679937973575
3258,0.031998437259002
3259,0.0287728895707402
3260,0.00638047729872326
3261,0.0109406202426103
3262,0.0280730604049571
3263,0.0302284514426873
3264,0.0197540614655269
3265,0.0277709999068382
3266,0.512367265693621
3267,0.436699900499509
3268,0.0284236912970891
3269,0.000127685713643313
3270,0.0193231397499515
3271,0.025420297349803
3272,-0.0122443310650879
3273,0.0490532934143937
3274,0.0294547329219238
3275,0.0289472205168811
3276,0.490675113908884
3277,0.0217852267895462
3278,0.0194616677539157
3279,0.0274623437118031
3280,0.0235631938282939
3281,0.0407648294077405
3282,0.0320851997337004
3283,-0.0319473361609679
3284,0.0248515136252846
3285,-0.00388215074100406
3286,0.0295175405563106
3287,0.0199103129376036
3288,0.0209201329892931
3289,0.0318965516696087
3290,0.0318263276721642
3291,0.0318676879734022
3292,0.0312483762065373
3293,0.0287473038127284
3294,0.018996314878618
3295,0.0231906152087443
3296,0.00906341423522156
3297,0.0229575290688579
3298,0.0150593074744541
3299,0.0294483445276673
3300,0.0109048956941017
3301,0.007057161504075
3302,0.0319691866274329
3303,0.0309044224742573
3304,0.0316067895011043
3305,0.0235593920837283
3306,0.00714443358644275
3307,0.0319790370664173
3308,0.0317666428259124
3309,0.0610458025516555
3310,0.0319199316450179
3311,0.032021065649697
3312,0.0133232608031685
3313,0.0254885100523092
3314,0.019346365396445
3315,0.139926005628252
3316,0.0169544086328577
3317,0.0159034716803398
3318,0.0263456399197981
3319,0.0220428061869173
3320,0.0984652262173334
3321,0.0278707980624824
3322,0.0176144357887732
3323,0.019448983396972
3324,0.021043844152966
3325,0.0168652323888372
3326,0.024272409214187
3327,0.0254626543119279
3328,0.766391649332199
3329,0.0309649417667539
3330,0.0283325551303658
3331,0.0367456677915583
3332,0.0231235136841801
3333,0.046990878606998
3334,0.0178202064660482
3335,0.0602117580544857
3336,0.0222460163884709
3337,0.0319099292258084
3338,0.0238713426641417
3339,0.0176765549930132
3340,0.010571365287659
3341,0.0308859606343082
3342,0.0320283204006712
3343,0.0292875965017231
3344,-0.00651982252491461
3345,0.0178176608643784
3346,0.0139167135506638
3347,0.967983061548374
3348,0.0318681226022317
3349,0.02604757553726
3350,0.543407068050991
3351,0.0281337414356457
3352,0.00948604946098522
3353,0.023290005524706
3354,0.0318517633988433
3355,0.0399709428268366
3356,0.0181071766003809
3357,0.0319612743618146
3358,0.265868496594111
3359,0.032088906679515
3360,0.0250954719628468
3361,0.107559314564716
3362,-0.0020710033699345
3363,0.0736209815750293
3364,0.0319386765421045
3365,0.0153611357287248
3366,0.0320314976006409
3367,0.0181126087440334
3368,0.0241441479006041
3369,0.0319691085340224
3370,0.0324161859536932
3371,0.0155567993677167
3372,0.0208202087057256
3373,0.0253110055760425
3374,0.00800501339880082
3375,0.0253893034128424
3376,0.0203884380675761
3377,0.0123902779952954
3378,0.855294734384789
3379,0.010325135106967
3380,0.0123401609156561
3381,0.0048431498739928
3382,0.0320560791170834
3383,0.0314198328498767
3384,0.00484769288988665
3385,0.0312739528963638
3386,0.0243901711526452
3387,0.0195780123476757
3388,0.0318597260803531
3389,0.00872209938690104
3390,0.0278239407044716
3391,0.0274413806034462
3392,0.0319307175219616
3393,0.0251904963116486
3394,1.03196196584795
3395,0.0190495495236707
3396,0.0319382243966215
3397,0.0565719908170892
3398,0.0320173175992488
3399,0.031922547476026
3400,0.0332220357371315
3401,0.0318956106735442
3402,0.0216930653327023
3403,0.0301856958719169
3404,0.0280487851957682
3405,0.0278973162750619
3406,0.746064673120077
3407,0.0489720397884086
3408,0.832080874659737
3409,0.025226965623209
3410,0.0482247751378097
3411,0.0334971609218966
3412,0.0261564345808701
3413,0.0319619200643406
3414,0.0317458483536507
3415,0.0320383021279876
3416,0.0304995819570871
3417,0.0185928897943455
3418,0.0555459348563404
3419,0.0317140650631465
3420,0.0208321991190052
3421,0.65970288477043
3422,0.0294047356013272
3423,0.0320381075300108
3424,0.0296415394843869
3425,0.313581038855508
3426,0.0139949573547799
3427,0.999134458385066
3428,0.0296634316092089
3429,0.0320135764400982
3430,0.0229998343092691
3431,0.0319986773258566
3432,0.021720062531699
3433,0.0177065622002066
3434,0.0282286165000027
3435,0.031883809250102
3436,0.02488675392674
3437,0.185129056136522
3438,-0.00537579885405001
3439,0.0214716649945449
3440,0.0320281169451051
3441,-0.00808049705706017
3442,0.00702796345380778
3443,0.0126759398406899
3444,0.0445103948308339
3445,0.047319014141598
3446,0.0277534685517959
3447,0.0172719794931309
3448,0.0251735611232432
3449,0.0318473112416145
3450,0.0191864609492069
3451,0.0204728860988296
3452,0.0177323593959186
3453,0.0222637304949725
3454,0.0319311205994344
3455,0.0323740691575485
3456,0.0133951717351868
3457,0.0281802700801781
3458,0.0463089977422477
3459,0.035452190736944
3460,-0.00107986532076176
3461,0.0260573496325298
3462,0.0319235746278204
3463,0.0238986842864621
3464,0.0324768638899343
3465,0.0320596652523627
3466,0.0250060650893855
3467,0.00335680832121511
3468,0.0280589762741419
3469,0.032068846110247
3470,0.0282222312523263
3471,0.032046597193661
3472,0.0248954947435008
3473,0.875148862861463
3474,0.0268087310404684
3475,0.0116554284493111
3476,0.0302286773496642
3477,0.0305306249509454
3478,0.0285315593788146
3479,0.0290354904317888
3480,0.344775017654988
3481,0.0281010098668867
3482,0.0281342374526138
3483,0.244644155184681
3484,0.0282522553632517
3485,0.0319196633638702
3486,0.017184006190112
3487,0.0188565239547037
3488,0.0247681046731357
3489,0.0320764037642923
3490,0.00336571148331251
3491,0.0161806273617197
3492,0.0319572216473361
3493,0.0235551325477741
3494,0.0304874659127422
3495,0.113796634447414
3496,0.0265701354875604
3497,0.0212034770603332
3498,0.0290610490294893
3499,0.0351308450890515
3500,0.0320208217952754
3501,0.0138397502714013
3502,0.0216966080404594
3503,0.0171801734352057
3504,0.0270820413684223
3505,0.0183650824369553
3506,0.0124464034859001
3507,0.0122705074802036
3508,0.0252329714635535
3509,0.0137939910393257
3510,0.0155269033567959
3511,0.0320388919266955
3512,0.027201614413669
3513,0.0179917212802274
3514,0.0257089373222193
3515,0.0253306235675488
3516,-0.0118394886421588
3517,0.0308017225253227
3518,0.0167463169773434
3519,0.0259672584953562
3520,0.0333957044630733
3521,0.0211768968152064
3522,0.0319705667112718
3523,0.0320905098740863
3524,0.0240144678496627
3525,0.0218513338580847
3526,0.0320393948791292
3527,0.0397527503783195
3528,0.0320453024131593
3529,0.0320311087109837
3530,0.0313343472555881
3531,0.0327146043087849
3532,0.016831944403437
3533,0.0228462979400699
3534,0.0319798965721583
3535,0.0318689963103746
3536,0.0237207995096297
3537,0.0245603218114123
3538,0.0313338773383858
3539,0.0104522460363213
3540,0.0230157121726277
3541,0.0315576978933506
3542,0.218699703202114
3543,0.0232728229541867
3544,0.0318879092893687
3545,0.0319823300714167
3546,0.0310592660480209
3547,0.0202671357704668
3548,0.0290194597788613
3549,0.0211424051273704
3550,0.0206481301078641
3551,0.0257440528323386
3552,0.031214649100158
3553,0.0286461866959741
3554,0.0279063297101631
3555,0.0318529387683019
3556,0.0176084691581385
3557,0.0319159135121024
3558,0.0264453492255827
3559,0.028932488483646
3560,0.0234792320516635
3561,0.0320117078987834
3562,0.025525902843837
3563,0.0264420576038326
3564,0.0314612712502967
3565,0.00161895033597786
3566,0.0282288687217304
3567,0.0303133074663279
3568,0.0152327323563485
3569,0.0208907732906556
3570,0.0260769400118221
3571,0.0334700060446298
3572,0.02607108150411
3573,0.0319571230677313
3574,0.0318811358286347
3575,0.198022090606772
3576,0.0319638264907955
3577,0.0461743082566298
3578,0.0328573036496623
3579,0.0319011825117423
3580,0.0241436479495057
3581,0.0017519374749394
3582,0.0319694526711051
3583,0.0178214300216398
3584,0.021029484254928
3585,0.031847732761336
3586,0.0294274735246142
3587,0.0319823015065481
3588,0.0318839599740797
3589,0.0317756148839925
3590,0.0194292096042708
3591,0.0563674793180935
3592,0.0306338202223126
3593,0.0260293351196055
3594,0.0211350409120569
3595,0.027096673529516
3596,0.0169909220411495
3597,0.0193701021939487
3598,-0.0186832943108091
3599,0.0248084727271239
3600,0.0267744746136024
3601,0.0240510583002925
3602,0.0239034834020176
3603,0.0258537049248122
3604,0.131803111434762
3605,0.0319460598525534
3606,0.0264925019637331
3607,0.0197421305605242
3608,0.0319747795512308
3609,0.457533655434761
3610,0.0307616545119353
3611,0.0576666962639703
3612,0.0862890499473093
3613,0.0319703895047755
3614,0.0269565006414179
3615,0.0296777628660357
3616,0.0292466645031274
3617,0.0242203068365197
3618,0.30596435801038
3619,0.0248290776972857
3620,0.0229389620540123
3621,0.0258803940801363
3622,0.0309309820302373
3623,0.0318877647749058
3624,0.0320764478054071
3625,0.0321092946997485
3626,0.0319979346963601
3627,0.0042367422501112
3628,0.0262773048893593
3629,0.968080204134465
3630,0.0284739897751186
3631,0.0320713556382465
3632,0.0173048599995961
3633,0.0363137008926136
3634,0.0320359811422619
3635,0.0275147809995546
3636,0.0243648491821514
3637,0.0168000233602345
3638,0.0293939021798535
3639,0.0228302796185978
3640,0.0319300086411421
3641,0.032060004127421
3642,0.0251010141899465
3643,0.0160042987372466
3644,0.025374214038814
3645,0.0382776668730658
3646,0.0316756961153097
3647,0.647686963156125
3648,0.0318684593388964
3649,-0.00484946332690124
3650,0.13715949301953
3651,0.0208391466630353
3652,0.0294729582619723
3653,0.0212766887875648
3654,0.0318675279002505
3655,0.0100757151410223
3656,0.0271457533361292
3657,0.0519473898836573
3658,0.0297585905342569
3659,0.0139500750357033
3660,0.0362777854044114
3661,0.0245953617407192
3662,0.0319822571126857
3663,0.0162152542066894
3664,0.0799184844444522
3665,0.0201185252685236
3666,0.0270016391261264
3667,0.0175670060131544
3668,0.0162483897991101
3669,0.0310881263682102
3670,0.0267641527898658
3671,0.0363797016656328
3672,0.0185884011838663
3673,0.0232058297144365
3674,0.0318954787809367
3675,0.0318893266198841
3676,0.029866185277875
3677,0.0320827739313949
3678,0.0313764805728359
3679,0.0223735405832761
3680,0.112468973942676
3681,0.031998195304424
3682,0.0202378898598918
3683,0.0270822015246361
3684,0.135014604374492
3685,0.0057284044936832
3686,0.0545191829845648
3687,0.0304705646114986
3688,0.0828938369240397
3689,0.0320747196186274
3690,0.072793870428641
3691,0.0320305488346539
3692,0.0283398308926633
3693,0.0276307765972572
3694,0.0250427286976051
3695,0.026574238201095
3696,0.0319110424718599
3697,0.0287917988955319
3698,0.769851770027722
3699,0.0259597128284352
3700,0.371584655511845
3701,0.00803336099658754
3702,0.028469688453503
3703,0.0245581098792549
3704,0.0237241722419958
3705,0.0244654083204609
3706,0.0266883494542005
3707,0.0250637677199775
3708,0.0288025350885159
3709,0.0180317477190285
3710,0.0444358889940359
3711,0.023223173213717
3712,0.0205775671640299
3713,0.0285469999525186
3714,0.03403833485685
3715,0.0322924070974161
3716,0.026755159932339
3717,0.0370635550975586
3718,-0.0219619335535329
3719,0.026139965535511
3720,0.0257866653357343
3721,0.0173383410956365
3722,0.032053829960226
3723,0.0262059700029031
3724,0.0236368402269034
3725,0.0300388253081062
3726,0.0199054796932
3727,0.0320604321647265
3728,0.0227664912855229
3729,-0.0122848461658114
3730,0.031955196726485
3731,0.0225754891775048
3732,-0.031899430511429
3733,0.0320124655735195
3734,0.0251600090381024
3735,-0.0030304662271458
3736,0.0319074045183474
3737,0.0206193002811292
3738,0.0316548918592074
3739,0.0236540120118851
3740,0.0270115650966411
3741,0.0134513004851388
3742,0.132694017901988
3743,0.0259517720881164
3744,0.404603893790933
3745,0.409549433081635
3746,0.0302395949391592
3747,0.0320704697689463
3748,0.0257983904946179
3749,-0.0121530600125392
3750,0.0319143895730198
3751,0.0216387679454686
3752,0.0307295505288064
3753,0.0263090633106034
3754,-0.00328591534453787
3755,0.0270216525420395
3756,0.0320254901364631
3757,0.0237788292359613
3758,0.031081173767355
3759,0.0319706824125523
3760,0.0320505580131411
3761,0.0195881417261462
3762,0.0224529130651638
3763,0.0309156749198394
3764,0.0311041924982624
3765,0.032061808171398
3766,0.0318882226646014
3767,0.0319398195778712
3768,0.0326022217844939
3769,-0.000412860187452499
3770,0.0223797809999028
3771,0.0319059573775686
3772,0.0232172178818262
3773,0.0217819283999206
3774,0.0225850712522646
3775,0.0282685467747762
3776,0.0318749257613399
3777,0.0310036437251199
3778,0.000166927320350521
3779,0.0320297920253809
3780,0.0320113259868161
3781,0.0319052256922713
3782,0.0215939512721587
3783,0.150619650688304
3784,0.0276492381804961
3785,0.0192109995195285
3786,0.0319356495939856
3787,0.0319592428949131
3788,0.0231890939841958
3789,0.0190745617587307
3790,0.0237352452277482
3791,0.0238181958338816
3792,0.0344181962766675
3793,0.0320129034557513
3794,0.0340320700622734
3795,0.00779607181867024
3796,0.0270602831849978
3797,0.0190921722192255
3798,0.664946702688283
3799,0.812471114597502
3800,0.0313443335654681
3801,-0.00865403072021671
3802,0.0246087298710093
3803,0.968129000031203
3804,0.018794479950528
3805,0.0283693267725272
3806,0.0302700426919213
3807,0.0320397345017412
3808,0.0219413185318072
3809,0.0238068132246013
3810,0.0309077400372184
3811,0.0234505621072607
3812,0.00698111852446649
3813,0.0273707847406413
3814,0.0193503305327996
3815,0.0302574480737671
3816,0.0315976349297913
3817,0.031893084712832
3818,0.0187045033116048
3819,0.0319401316683028
3820,0.0322261502815283
3821,0.024796371217875
3822,0.0700531044751038
3823,0.0319987657751133
3824,0.0290695021275433
3825,0.010416125566998
3826,0.0308105518397979
3827,0.0320427348772861
3828,0.0199510210234137
3829,0.022138994642688
3830,-0.0053657307297509
3831,0.0332816679013917
3832,0.031996204988362
3833,0.0291788755899661
3834,0.14727847407825
3835,0.094809949202043
3836,0.032574123084431
3837,0.0320958659350378
3838,0.0276205948333107
3839,0.0384253585849228
3840,0.0134506565217789
3841,0.0319388998968332
3842,0.00877168583090066
3843,0.0179524814253671
3844,0.0297859766977862
3845,0.0319163209086818
3846,0.017463986679319
3847,0.0328547729027997
3848,0.0319109907764901
3849,0.0319075706010033
3850,0.0226554276617566
3851,0.0184110992893129
3852,0.239039720193082
3853,0.0247512066332092
3854,0.0304730881964311
3855,0.030224413900968
3856,0.0318916280623322
3857,0.0138296441170542
3858,0.0106559964639959
3859,0.0243513823246897
3860,0.0147334458149186
3861,0.0317508394317471
3862,0.0319043301607935
3863,0.967981835810167
3864,0.0238368860314758
3865,0.800174254339524
3866,0.0320625020909747
3867,0.0438870785242563
3868,0.0244803426810132
3869,0.0290974150184666
3870,0.0588393404477349
3871,0.206670363666614
3872,0.0318627198495599
3873,0.0241663773171169
3874,0.0281318162419827
3875,0.0213251867496955
3876,0.0243513857252061
3877,0.034612963838743
3878,0.00216491040444156
3879,0.0289112554376899
3880,0.0319669919140533
3881,0.032006864536866
3882,0.031895798436312
3883,0.0195139788473324
3884,0.0188867074793616
3885,0.0319365810939805
3886,0.0317070437615775
3887,0.0298456601505577
3888,0.0319210170290105
3889,0.0193351554181571
3890,0.188453472488157
3891,0.060512935143122
3892,0.0320210909743315
3893,0.0649895165410812
3894,0.0319416573985739
3895,0.0288227572358257
3896,0.0253964342491494
3897,0.195062532990359
3898,0.280151960415932
3899,0.0318636102100197
3900,0.235661740237723
3901,0.00762423186632297
3902,0.0233756118339124
3903,0.0320867437194697
3904,0.183911140973904
3905,0.505412152382096
3906,0.0318069470764008
3907,0.0319060118861747
3908,0.0116405553675016
3909,0.0319771738043031
3910,0.777436204714342
3911,0.0276234717700439
3912,0.0318977157361471
3913,0.0250568775864241
3914,0.131186652331499
3915,0.0218037114121244
3916,0.0320310147768023
3917,0.0320157744242437
3918,0.0319118468013973
3919,0.0320436311444591
3920,0.0319832321886428
3921,0.0627151197898294
3922,-0.0113966521628225
3923,0.183771987744414
3924,0.03023157743512
3925,0.0162786545906801
3926,0.0289651605902434
3927,0.0634210882612634
3928,0.0237620696332287
3929,-0.00103851607949748
3930,0.031909156002734
3931,0.0469853308617852
3932,0.0222622192185424
3933,0.0320259783018713
3934,0.0320081219258902
3935,0.0319231117983721
3936,0.0284414318340385
3937,0.0233037730368263
3938,0.0320002580016499
3939,0.0319509945894699
3940,0.0261380645377718
3941,0.0319615359716609
3942,0.0284759422063043
3943,0.0320520450011322
3944,0.0320653244881161
3945,0.0260820840503917
3946,0.0319042601229227
3947,0.0320335322707282
3948,0.0292397720157096
3949,0.0319411937870092
3950,0.0320581941004086
3951,0.198021298020377
3952,0.0639313036732838
3953,0.0285974149088717
3954,0.0320223073128378
3955,0.0281433370629227
3956,0.0026896970658013
3957,0.03199960956947
3958,0.0196116102967629
3959,0.0472132794159432
3960,0.0318750733988389
3961,0.0243682028362902
3962,0.0319075708044812
3963,0.0320098617205697
3964,0.0318937334989387
3965,0.0319613233962832
3966,0.029122143876589
3967,0.0278581085777082
3968,0.0106834621064994
3969,0.025591559451505
3970,0.0320026087411841
3971,0.0320485232711889
3972,0.0320905564109059
3973,0.0320469751281346
3974,0.0357308057138361
3975,0.0320414476122918
3976,0.0274562086760588
3977,0.0220991375851622
3978,0.0231369558987788
3979,0.0155955658875906
3980,0.0236069343113163
3981,0.0625007101917648
3982,0.0320122077117635
3983,0.0296403329214114
3984,0.317018350199271
3985,0.0114095879051917
3986,0.0390690879040392
3987,0.0319865800330843
3988,0.0193235723911071
3989,0.0234595788616341
3990,0.967934741301343
3991,0.00348685058241853
3992,0.0318886146237085
3993,0.0268484300278799
3994,0.0213209833270302
3995,0.0300738355450211
3996,0.0441303780543861
3997,0.0513331303281029
3998,0.031930221455808
3999,0.0131770649890242
4000,0.0274082475742444
4001,0.0688949421476269
4002,0.0256891916610846
4003,0.030959083532949
4004,0.031863918423188
4005,0.0205546732170671
4006,0.0318674583909653
4007,0.0307575948045346
4008,0.0291130889532137
4009,0.027178202672774
4010,0.0271334791723983
4011,0.0247103902949239
4012,0.0198620605873128
4013,0.0317896935550909
4014,-0.00673548542090562
4015,0.0277592954505374
4016,0.0299181202341346
4017,0.0195749501847713
4018,0.0500734212624915
4019,0.0211537554924215
4020,0.684169253116146
4021,0.757760677973458
4022,0.0363093773949407
4023,0.0294605800069302
4024,0.0320178666503965
4025,0.0319807464171451
4026,0.0205531122262482
4027,0.0319877050722704
4028,0.0266946187593025
4029,0.0260917164254549
4030,0.0972247804055616
4031,0.0294320768795157
4032,0.0238645420812623
4033,0.0744358791202166
4034,0.0276067651461409
4035,0.0295490471127711
4036,0.0320929010638183
4037,0.0236739165203859
4038,0.0305401402008403
4039,0.0319567835153103
4040,0.0280422658524859
4041,0.0241512585615437
4042,0.0184209087274471
4043,0.0227547859670305
4044,-0.000205327705047526
4045,0.0319208582539202
4046,0.0270975217324373
4047,0.00382389061353203
4048,0.0285525347293637
4049,0.0320197195106346
4050,0.0194483589077522
4051,0.0180864238248594
4052,-0.000248953489400627
4053,0.0317443972432466
4054,0.0320487473946605
4055,0.0229470744462536
4056,0.00972328577448457
4057,0.0320014169040318
4058,0.0474320280423597
4059,0.0190571309956983
4060,0.967962119049547
4061,0.0242004313510226
4062,0.0304746623299719
4063,0.863852342647656
4064,0.0352838885075343
4065,0.195453443659505
4066,0.0238835969977378
4067,0.0366237515847827
4068,0.022169045032449
4069,0.032009477706193
4070,0.032018641214149
4071,0.0319544081511257
4072,0.0320630316847173
4073,0.0208255581649756
4074,0.0320469723538302
4075,0.0274897197846766
4076,0.0155495637994634
4077,0.0226197044112918
4078,0.0286459696481944
4079,0.0312220266445744
4080,0.0195429545375188
4081,0.0315070623117726
4082,0.0901614501762115
4083,0.0759744810186593
4084,0.048132079325386
4085,0.0319445023898183
4086,0.0255919614455962
4087,0.0225460079057684
4088,0.0280230561108657
4089,0.0267268253814767
4090,0.0254495236299065
4091,0.0371468610349888
4092,0.0320469660523654
4093,0.0318727350597611
4094,0.0494209925247383
4095,0.0320252171030836
